Journal title,Journal URL,ISSN,eISSN,Publisher,JPPS rating,Notes,in DOAJ
Acta Structilia,https://www.ajol.info/index.php/actas,1023-0564,2415-0487,,ONE-STAR,,DOAJ
Acta Theologica,https://www.ajol.info/index.php/actat,1015-8758,2309-9089,University of the Free State,ONE-STAR,,
Africa Development,https://www.ajol.info/index.php/ad,,0850-3907,CODESRIA,NO-STARS,,
Africa Sanguine,https://www.ajol.info/index.php/asan,1560-8646,,National Bioproducts Institute (NBI) of South Africa,NO-STARS,,
African Crop Science Journal,https://www.ajol.info/index.php/acsj,1021-9730,2072-6589,,ONE-STAR,,
African Health Sciences,https://www.ajol.info/index.php/ahs,,1680-6905,,ONE-STAR,,
African Journal of Biomedical Research,https://www.ajol.info/index.php/ajbr,,1119-5096,Biomedical Communications Group,NO-STARS,,
African Journal of Biotechnology,https://www.ajol.info/index.php/ajb,,1684-5315,Academic Journals,ONE-STAR,no longer included in AJOL,
African Journal of Chemical Education,https://www.ajol.info/index.php/ajce,2227-5835,,Federation of African Societies of Chemistry (FASC),NO-STARS,,
African Journal of Clinical and Experimental Microbiology,https://www.ajol.info/index.php/ajcem,,1595-689X,African Society for Clinical Microbiology,ONE-STAR,,
African Journal of Drug and Alcohol Studies,https://www.ajol.info/index.php/ajdas,1531-4065,1531-4065,African Centre for Research and Information on Substance Abuse (CRISA),NO-STARS,,
African Journal of Economic Review,https://www.ajol.info/index.php/ajer,1821-8148,2453-5966,Open University of Tanzania,NO-STARS,,
African Journal of Educational Studies in Mathematics and Sciences,https://www.ajol.info/index.php/ajesms,2508-1128,,,PENDING,,
African Journal of Environmental Science and Technology,https://www.ajol.info/index.php/ajest,1996-0786,1996-0786,Academic Journals,ONE-STAR,no longer included in AJOL,
"African Journal of Food, Agriculture, Nutrition and Development",https://www.ajol.info/index.php/ajfand,1684-5358,1684-5374,African Scholarly Science Communications Trust,ONE-STAR,,
African Journal of Health Professions Education,https://www.ajol.info/index.php/ajhpe,,,,ONE-STAR,,DOAJ
African Journal of Infectious Diseases,https://www.ajol.info/index.php/ajid,,2006-0165,,ONE-STAR,,
African Journal of Management Research,https://www.ajol.info/index.php/ajmr,2343-6689,2458-7435,,NO-STARS,,
African Journal of Neurological Sciences,https://www.ajol.info/index.php/ajns,1992-2647,1015-8618,Pan African Association of Neurological Sciences (PAANS),NO-STARS,,
African Journal of Oral Health,https://www.ajol.info/index.php/ajoh,,0189-5710,,PENDING,,
African Journal of Physiotherapy and Rehabilitation Sciences,https://www.ajol.info/index.php/ajprs,,2141-8322,,NO-STARS,,
African Journal of Reproductive Health,https://www.ajol.info/index.php/ajrh,,1118-4841,Women’s Health and Action Research Centre (WHARC),ONE-STAR,,
African Journal of Social Work,https://www.ajol.info/index.php/ajsw,1563-3934,2409-5605,,ONE-STAR,,DOAJ
"African Journal of Traditional, Complementary and Alternative Medicines",https://www.ajol.info/index.php/ajtcam,,0189-6016,African Traditional Herbal Medicine Supporters Initiative (ATHMSI),ONE-STAR,,
African Journal of Urology,https://www.ajol.info/index.php/aju,,1110-5704,Springer,ONE-STAR,,DOAJ
African Journal on Conflict Resolution,https://www.ajol.info/index.php/ajcr,,1562-6997,,ONE-STAR,,
African Research Review,https://www.ajol.info/index.php/afrrev,1994-9057,2070-0083,International Association Of African Researchers And Reviewers,ONE-STAR,,
African Safety Promotion: A Journal of Injury and Violence Prevention,https://www.ajol.info/index.php/asp,,1728-774X,University of South Africa,ONE-STAR,,
African Sociological Review / Revue Africaine de Sociologie,https://www.ajol.info/index.php/asr,,1027-4332,CODESRIA,NO-STARS,,
Afrika Statistika,https://www.ajol.info/index.php/afst,2316-090X,,,ONE-STAR,,
Afrique Science: Revue Internationale des Sciences et Technologie,https://www.ajol.info/index.php/afsci,,1813-548X,,ONE-STAR,,
AFRREV IJAH: An International Journal of Arts and Humanities,https://www.ajol.info/index.php/ijah,2225-8590,2227-5452,International Association Of African Researchers And Reviewers,NO-STARS,,
"AFRREV LALIGENS: An International Journal of Language, Literature and Gender Studies",https://www.ajol.info/index.php/laligens,2225-8604,2227-5460,International Association Of African Researchers And Reviewers,NO-STARS,,
AFRREV STECH: An International Journal of Science and Technology,https://www.ajol.info/index.php/stech,2225-8612,2227-5444,International Association Of African Researchers And Reviewers,NO-STARS,,
Agro-Science,https://www.ajol.info/index.php/as,,1119-7455,,NO-STARS,,
Agronomie Africaine,https://www.ajol.info/index.php/aga,,1015-2288,,PENDING,,
Agrosearch,https://www.ajol.info/index.php/agrosh,,1117-9996,,NO-STARS,,
Alexandria Journal of Medicine,https://www.ajol.info/index.php/bafm,1110-0834,2090-2948,,ONE-STAR,,
Anatomy Journal of Africa,https://www.ajol.info/index.php/aja,2226-6054,2305-9478,,ONE-STAR,,
Animal Research International,https://www.ajol.info/index.php/ari,,1597-3115,,NO-STARS,,
Annals of African Surgery,https://www.ajol.info/index.php/aas,1999-9674,2523-0816,,ONE-STAR,,DOAJ
Annals of Ibadan Postgraduate Medicine,https://www.ajol.info/index.php/aipm,,1597-1627,,ONE-STAR,,
Annals of Medical and Health Sciences Research,https://www.ajol.info/index.php/amhsr,2141-9248,,,ONE-STAR,,
Annals of Pediatric Surgery,https://www.ajol.info/index.php/aps,1687-4137,1687-4137,,PENDING,,DOAJ
Archives of Medical and Biomedical Research,https://www.ajol.info/index.php/ambr,1694-2086,1694-2078,,ONE-STAR,,
ATBU Journal of Environmental Technology,https://www.ajol.info/index.php/atbu,1596-6035,,,NO-STARS,,
Bayero Journal of Pure and Applied Sciences,https://www.ajol.info/index.php/bajopas,2006-6996,2006-6996,,NO-STARS,,
Bulletin of the Chemical Society of Ethiopia,https://www.ajol.info/index.php/bcse,1011-3924,1726-801X,,ONE-STAR,,DOAJ
ChemSearch Journal,https://www.ajol.info/index.php/csj,2276-707X,2384-6028,,ONE-STAR,,
Creative Artist: A Journal of Theatre and Media Studies,https://www.ajol.info/index.php/cajtms,2006-6910,,,NO-STARS,,
Critical Studies in Teaching and Learning,https://www.ajol.info/index.php/cristal,,2310-7103,,ONE-STAR,,
East African Orthopaedic Journal,https://www.ajol.info/index.php/eaoj,1994-1072,1994-1072,,NO-STARS,,
East and Central African Journal of Surgery,https://www.ajol.info/index.php/ecajs,,2073-9990,,NO-STARS,,
Economic and Policy Review,https://www.ajol.info/index.php/epr,,,,PENDING,,
Egyptian Journal of Medical Human Genetics,https://www.ajol.info/index.php/ejhg,,1110-8630,,ONE-STAR,,DOAJ
Egyptian Journal of Pediatric Allergy and Immunology (The),https://www.ajol.info/index.php/ejpai,,,,ONE-STAR,,
EJOTMAS: Ekpoma Journal of Theatre and Media Arts,https://www.ajol.info/index.php/ejotmas,2006-1838,2449-1179,,NO-STARS,,
Ethiopian Journal of Agricultural Sciences,https://www.ajol.info/index.php/ejas,0257-2605,2415-2382,,NO-STARS,,
Ethiopian Journal of Education and Sciences,https://www.ajol.info/index.php/ejesc,1998-8907,,,NO-STARS,,
Ethiopian Journal of Environmental Studies and Management,https://www.ajol.info/index.php/ejesm,,1998-0507,,ONE-STAR,,
Ethiopian Journal of Health Development,https://www.ajol.info/index.php/ejhd,,1021-6790,,NO-STARS,,
Ethiopian Journal of Health Sciences,https://www.ajol.info/index.php/ejhs,1029-1857,1029-1857,,ONE-STAR,,DOAJ
Ethiopian Journal of Science and Technology,https://www.ajol.info/index.php/ejst,1816-3378,2312-6019,,ONE-STAR,,
Ethiopian Journal of the Social Sciences and Humanities,https://www.ajol.info/index.php/ejossah,1810-4487,2520-582X,,NO-STARS,,
Ethiopian Veterinary Journal,https://www.ajol.info/index.php/evj,1683-6324,2221-5034,,NO-STARS,,
Ghana Journal of Agricultural Science,https://www.ajol.info/index.php/gjas,,0855-0042,,NO-STARS,,
Ghana Journal of Development Studies,https://www.ajol.info/index.php/gjds,,0855-6768,,NO-STARS,,
Ghana Journal of Geography,https://www.ajol.info/index.php/gjg,0855-9414,,,NO-STARS,,
Ghana Journal of Linguistics,https://www.ajol.info/index.php/gjl,2026-6596,,,NO-STARS,,
Ghana Journal of Science,https://www.ajol.info/index.php/gjs,,0855-1448,,NO-STARS,,
Ghana Medical Journal,https://www.ajol.info/index.php/gmj,0016-9560,,,ONE-STAR,,DOAJ
Ghana Mining Journal,https://www.ajol.info/index.php/gm,,0855-210X,,NO-STARS,,
Global Journal of Educational Research,https://www.ajol.info/index.php/gjedr,,1596-6224,,NO-STARS,,
Global Journal of Engineering Research,https://www.ajol.info/index.php/gjer,,1596-292X,,NO-STARS,,
Global Journal of Geological Sciences,https://www.ajol.info/index.php/gjgs,,1596-6798,,NO-STARS,,
Global Journal of Pure and Applied Sciences,https://www.ajol.info/index.php/gjpas,,1118-0579,,NO-STARS,,
Global Journal of Social Sciences,https://www.ajol.info/index.php/gjss,,1596-6216,,NO-STARS,,
Haramaya Law Review,https://www.ajol.info/index.php/hlr,2227-2178,2305-3739,,ONE-STAR,,
Health SA Gesondheid,https://www.ajol.info/index.php/hsa,1025-9848,2071-9736,,ONE-STAR,,
HTS Teologiese Studies / Theological Studies,https://www.ajol.info/index.php/hts,0259-9422,2072-8050,,ONE-STAR,,
Huria: Journal of the Open University of Tanzania,https://www.ajol.info/index.php/huria,,0856-6739,,NO-STARS,,
Ife Journal of Science,https://www.ajol.info/index.php/ijs,,0794-4896,,NO-STARS,,
Ilorin Journal of Religious Studies,https://www.ajol.info/index.php/ijrs,2141-7040,,,PENDING,,
Indo-Pacific Journal of Phenomenology,https://www.ajol.info/index.php/ipjp,2079-7222,1445-7377,,ONE-STAR,,
Information Impact: Journal of Information and Knowledge Management,https://www.ajol.info/index.php/iijikm,2141-4297,2360-994X,,NO-STARS,,
Inkanyiso: Journal of Humanities and Social Sciences,https://www.ajol.info/index.php/ijhss,,2077-2815,,ONE-STAR,,
"International Journal of Basic, Applied and Innovative Research",https://www.ajol.info/index.php/ijbair,2315-5388,2384-681X,,NO-STARS,,
International Journal of Biological and Chemical Sciences,https://www.ajol.info/index.php/ijbcs,1991-8631,1997-342X,,ONE-STAR,,
International Journal of Development and Management Review,https://www.ajol.info/index.php/ijdmr,1597-9482,2734-3316,,NO-STARS,,
"International Journal of Engineering, Science and Technology",https://www.ajol.info/index.php/ijest,2141-2820,2141-2839,,NO-STARS,,
International Journal of Modern Anthropology,https://www.ajol.info/index.php/ijma,1737-7374,1737-8176,,NO-STARS,,DOAJ
Internet Journal of Medical Update - EJOURNAL,https://www.ajol.info/index.php/ijmu,,1694-0423,,ONE-STAR,,
Jos Journal of Medicine,https://www.ajol.info/index.php/jjm,2006-0734,2006-0734,,NO-STARS,,
Journal of African Association of Physiological Sciences,https://www.ajol.info/index.php/jaaps,2315-9987,2449-108X,,ONE-STAR,,
Journal of Agricultural Extension,https://www.ajol.info/index.php/jae,1119-944X,2408-6851,,ONE-STAR,,
Journal of Applied Biosciences,https://www.ajol.info/index.php/jab,,1997-5902,,NO-STARS,,
Journal of Applied Sciences and Environmental Management,https://www.ajol.info/index.php/jasem,1119-8362,2659-1502,,NO-STARS,,
Journal of Basic and Clinical Reproductive Sciences,https://www.ajol.info/index.php/jbcrs,2278-960X,2320-2041,,ONE-STAR,,
Journal of Community Medicine and Primary Health Care,https://www.ajol.info/index.php/jcmphc,,0794-7410,,ONE-STAR,,
Journal of Consumer Sciences,https://www.ajol.info/index.php/jfecs,,0378-5254,,ONE-STAR,,
Journal of Development and Communication Studies,https://www.ajol.info/index.php/jdcs,2305-7432,,,NO-STARS,,
"Journal of Endocrinology, Metabolism and Diabetes of South Africa",https://www.ajol.info/index.php/jemdsa,1608-9677,2220-1009,Taylor and Francis,ONE-STAR,issns manually added,
Journal of Fundamental and Applied Sciences,https://www.ajol.info/index.php/jfas,,1112-9867,,ONE-STAR,,DOAJ
Journal of Humanities,https://www.ajol.info/index.php/jh,,1016-0728,,PENDING,,
"Journal of Language, Technology & Entrepreneurship in Africa",https://www.ajol.info/index.php/jolte,,1998-1279,,NO-STARS,,
Journal of Medical and Biomedical Sciences,https://www.ajol.info/index.php/jmbs,2026-6294,,,NO-STARS,,
Journal of Medicine and Biomedical Research,https://www.ajol.info/index.php/jmbr,,1596-6941,,NO-STARS,,
Journal of Phytomedicine and Therapeutics,https://www.ajol.info/index.php/jopat,,1118-1028,,NO-STARS,,
Journal of Religion and Human Relations,https://www.ajol.info/index.php/jrhr,2006-5442,,,NO-STARS,,
"Journal of Research in Forestry, Wildlife and Environment",https://www.ajol.info/index.php/jrfwe,2141-1778,,,NO-STARS,,
Journal of Science and Sustainable Development,https://www.ajol.info/index.php/jssd,2070-1748,2070-1748,,PENDING,,
Journal of Science and Technology (Ghana),https://www.ajol.info/index.php/just,,0855-0395,,ONE-STAR,,
Journal of Student Affairs in Africa,https://www.ajol.info/index.php/jssa,,2307-6267,,ONE-STAR,,DOAJ
Journal of Sustainable Development Law and Policy (The),https://www.ajol.info/index.php/jsdlp,2467-8406,2467-8392,,ONE-STAR,,DOAJ
Journal of the Cameroon Academy of Sciences,https://www.ajol.info/index.php/jcas,2617-3948,,,NO-STARS,,
Journal of the South African Society of Archivists,https://www.ajol.info/index.php/jsasa,1012-2796,,,ONE-STAR,,
KCA Journal of Business Management,https://www.ajol.info/index.php/kjbm,2072-7992,2071-2162,,ONE-STAR,,
"Law, Democracy & Development",https://www.ajol.info/index.php/ldd,2077-4907,2077-4907,,NO-STARS,,
Legon Journal of the Humanities,https://www.ajol.info/index.php/ljh,0855-1502,2458-746X,,ONE-STAR,,DOAJ
les cahiers du cread,https://www.ajol.info/index.php/cread,2437-0568,1012-0009,,PENDING,,
Lexikos,https://www.ajol.info/index.php/lex,1684-4904,2224-0039,,NO-STARS,,
Libyan Journal of Medicine,https://www.ajol.info/index.php/ljm,1993-2820,1819-6357,,ONE-STAR,,
Madagascar Conservation & Development,https://www.ajol.info/index.php/mcd,,1662-2510,,ONE-STAR,,
Makerere Journal of Higher Education,https://www.ajol.info/index.php/majohe,1816-6822,2707-6113,,ONE-STAR,,
Malawi Medical Journal,https://www.ajol.info/index.php/mmj,1995-7262,1995-7262,,ONE-STAR,,DOAJ
Medical Journal of Zambia,https://www.ajol.info/index.php/mjz,0047-651X,0047-651X,,NO-STARS,,
Mgbakoigba: Journal of African Studies,https://www.ajol.info/index.php/mjas,2346-7126,,,NO-STARS,,
Mizan Law Review,https://www.ajol.info/index.php/mlr,1998-9881,2309-902X,,NO-STARS,,DOAJ
Momona Ethiopian Journal of Science,https://www.ajol.info/index.php/mejs,2073-073X,2220-184X,,ONE-STAR,,DOAJ
Nigeria Agricultural Journal,https://www.ajol.info/index.php/naj,,0300-368X,,NO-STARS,,
Nigeria Journal of Pure and Applied Physics,https://www.ajol.info/index.php/njpap,,1596-0862,,PENDING,,
Nigerian Health Journal,https://www.ajol.info/index.php/nhj,1597-4292,,,ONE-STAR,,
Nigerian Journal of Basic and Applied Sciences,https://www.ajol.info/index.php/njbas,0794-5698,,,NO-STARS,,
Nigerian Journal of Biotechnology,https://www.ajol.info/index.php/njb,0189-1731,,,NO-STARS,,
Nigerian Journal of Chemical Research,https://www.ajol.info/index.php/njcr,,1119-0221,,NO-STARS,,
Nigerian Journal of Clinical Practice,https://www.ajol.info/index.php/njcp,,1119-3077,,ONE-STAR,,
Nigerian Journal of Ophthalmology,https://www.ajol.info/index.php/njo,0189-9171,2468-8363,,ONE-STAR,,
Nigerian Journal of Paediatrics,https://www.ajol.info/index.php/njp,,0302-4660,,ONE-STAR,,
Nigerian Journal of Physiological Sciences,https://www.ajol.info/index.php/njps,,0794-859X,,ONE-STAR,,
Nigerian Journal of Surgery,https://www.ajol.info/index.php/njs,1117-6806,1117-6806,,ONE-STAR,,
Nigerian Journal of Technological Development,https://www.ajol.info/index.php/njtd,0189-9546,2437-2110,,ONE-STAR,,
Nigerian Journal of Technology,https://www.ajol.info/index.php/njt,0331-8443,2467-8821,,NO-STARS,,
Nigerian Veterinary Journal,https://www.ajol.info/index.php/nvj,,0331-3026,,NO-STARS,,
Nnamdi Azikiwe University Journal of International Law and Jurisprudence,https://www.ajol.info/index.php/naujilj,2276-7371,,,NO-STARS,,
OGIRISI: a New Journal of African Studies,https://www.ajol.info/index.php/og,,1597-474X,,NO-STARS,,
Open Veterinary Journal,https://www.ajol.info/index.php/ovj,2226-4485,2218-6050,,ONE-STAR,,DOAJ
ORiON,https://www.ajol.info/index.php/orion,,0529-191X,,ONE-STAR,,DOAJ
Oromia Law Journal,https://www.ajol.info/index.php/olj,2304-8239,,,ONE-STAR,,
Pan African Medical Journal,https://www.ajol.info/index.php/pamj,,1937-8688,,ONE-STAR,,
Potchefstroom Electronic Law Journal/Potchefstroomse Elektroniese Regsblad,https://www.ajol.info/index.php/pelj,,1727-3781,,ONE-STAR,,
Research in Hospitality Management,https://www.ajol.info/index.php/rhm,2224-3534,2415-5152,,TWO-STARS,,
Research Journal of Health Sciences,https://www.ajol.info/index.php/rejhs,2360-7793,2467-8252,,ONE-STAR,,
Rwanda Journal,https://www.ajol.info/index.php/rj,2305-2678,,,NO-STARS,,
"Rwanda Journal of Engineering, Science, Technology and Environment",https://www.ajol.info/index.php/rjeste,2617-2321,2617-233X,,NEW-TITLE,,
Rwanda Journal of Medicine and Health Sciences,https://www.ajol.info/index.php/rjmhs,2616-9819,2616-9827,,NEW-TITLE,,
Rwandan Journal of Education,https://www.ajol.info/index.php/rje,,2312-9239,,ONE-STAR,,
SA Journal of Radiology,https://www.ajol.info/index.php/sajr,1027-202X,2078-6778,,TWO-STARS,,DOAJ
SAHARA-J: Journal of Social Aspects of HIV/AIDS,https://www.ajol.info/index.php/saharaj,1729-0376,1813-4424,,TWO-STARS,,
Science World Journal,https://www.ajol.info/index.php/swj,,1597-6343,,NO-STARS,,
"Science, Technology and Arts Research Journal",https://www.ajol.info/index.php/star,2226-7522,2305-3372,,ONE-STAR,,
Scientia Militaria: South African Journal of Military Studies,https://www.ajol.info/index.php/smsajms,1022-8136,2224-0020,,NO-STARS,,
Scopus: Journal of East African Ornithology,https://www.ajol.info/index.php/scopus,0250-4162,2313-1799,,ONE-STAR,,
Sierra Leone Journal of Biomedical Research,https://www.ajol.info/index.php/sljbr,2076-6270,2076-6270,,ONE-STAR,,
Sokoto Journal of Veterinary Sciences,https://www.ajol.info/index.php/sokjvs,1595-093X,1595-093X,,ONE-STAR,,
South African Crime Quarterly,https://www.ajol.info/index.php/sacq,1991-3877,,,ONE-STAR,,DOAJ
South African Family Practice,https://www.ajol.info/index.php/safp,2078-6190,2078-6204,,ONE-STAR,,
South African Journal of Agricultural Extension,https://www.ajol.info/index.php/sajae,0301-603X,2413-3221,,NO-STARS,,
South African Journal of Animal Science,https://www.ajol.info/index.php/sajas,0375-1589,2221-4062,,ONE-STAR,,
South African Journal of Bioethics and Law,https://www.ajol.info/index.php/sajbl,,1999-7639,,ONE-STAR,,DOAJ
South African Journal of Chemistry,https://www.ajol.info/index.php/sajc,,0379-4350,,ONE-STAR,,DOAJ
South African Journal of Child Health,https://www.ajol.info/index.php/sajchh,1994-3032,1999-7671,,ONE-STAR,,DOAJ
South African Journal of Clinical Nutrition,https://www.ajol.info/index.php/sajcn,2078-6190,2078-6204,,ONE-STAR,,
South African Journal of Education,https://www.ajol.info/index.php/saje,0256-0100,2076-3433,,ONE-STAR,,
South African Journal of Geomatics,https://www.ajol.info/index.php/sajg,,2225-8531,,ONE-STAR,,
South African Journal of Obstetrics and Gynaecology,https://www.ajol.info/index.php/sajog,0038-2329,2305-8862,,ONE-STAR,,DOAJ
South African Journal of Psychiatry,https://www.ajol.info/index.php/sajpsyc,1608-9685,2078-6786,,ONE-STAR,,DOAJ
South African Journal of Sports Medicine,https://www.ajol.info/index.php/sasma,1015-5163,2078-516X,,ONE-STAR,,DOAJ
South African Journal of Surgery,https://www.ajol.info/index.php/sajs,0038-2361,2078-5151,,NO-STARS,,
South African Medical Journal,https://www.ajol.info/index.php/samj,2078-5135,0256-9574,,ONE-STAR,,DOAJ
South Sudan Medical Journal,https://www.ajol.info/index.php/ssmj,2309-4605,2309-4613,,ONE-STAR,,DOAJ
Southern African Business Review,https://www.ajol.info/index.php/sabr,1561-896X,1998-8125,,ONE-STAR,,
Southern African Journal of Anaesthesia and Analgesia,https://www.ajol.info/index.php/sajaa,2220-1181,2220-1173,,ONE-STAR,,
Southern African Journal of Critical Care,https://www.ajol.info/index.php/sajcc,1562-8264,2078-676X,,ONE-STAR,,DOAJ
Southern African Journal of Environmental Education,https://www.ajol.info/index.php/sajee,1810-0333,2411-5959,,ONE-STAR,,DOAJ
Southern African Journal of HIV Medicine,https://www.ajol.info/index.php/sajhivm,1608-9693,2078-6751,,TWO-STARS,,DOAJ
Stellenbosch Papers in Linguistics,https://www.ajol.info/index.php/spl,1027-3417,2223-9936,,ONE-STAR,,
Stellenbosch Papers in Linguistics Plus,https://www.ajol.info/index.php/splp,,2224-3380,,ONE-STAR,,
Sudan Journal of Medical Sciences,https://www.ajol.info/index.php/sjms,,1858-5051,,ONE-STAR,,DOAJ
Synthèse: Revue des Sciences et de la Technologie,https://www.ajol.info/index.php/srst,1111-4924,2352-9717,,NO-STARS,,DOAJ
Tanzania Dental Journal,https://www.ajol.info/index.php/tdj,,0856-0625,,PENDING,,
Tanzania Journal of Health Research,https://www.ajol.info/index.php/thrb,1821-6404,1821-9241,,ONE-STAR,,
Tanzania Journal of Science,https://www.ajol.info/index.php/tjs,0856-1761,2507-7961,,ONE-STAR,,
Tropical Journal of Obstetrics and Gynaecology,https://www.ajol.info/index.php/tjog,,0189-5117,,ONE-STAR,,DOAJ
Tropical Journal of Pharmaceutical Research,https://www.ajol.info/index.php/tjpr,1596-5996,1596-9827,,ONE-STAR,,
Tydskrif vir letterkunde,https://www.ajol.info/index.php/tvl,0041-476X,2309-9070,,ONE-STAR,,
UJAH: Unizik Journal of Arts and Humanities,https://www.ajol.info/index.php/ujah,,1595-1413,,NO-STARS,,
University of Dar es Salaam Library Journal,https://www.ajol.info/index.php/udslj,,0856-1818,,PENDING,,
Vulture News,https://www.ajol.info/index.php/vulnew,,1606-7479,,NO-STARS,,
Water SA,https://www.ajol.info/index.php/wsa,,0378-4738,,ONE-STAR,,DOAJ
West African Journal of Applied Ecology,https://www.ajol.info/index.php/wajae,,0855-4307,,NO-STARS,,
West African Journal of Industrial and Academic Research,https://www.ajol.info/index.php/wajiar,1116-5405,,,NO-STARS,,
Western Indian Ocean Journal of Marine Science,https://www.ajol.info/index.php/wiojms,0856-860X,0856-860X,,ONE-STAR,,
African Anthropologist,https://www.ajol.info/index.php/aa,,1024-0969,,INACTIVE-TITLE,,
African Journal of Applied Zoology and Environmental Biology,https://www.ajol.info/index.php/ajazeb,,1119-023X,,INACTIVE-TITLE,,
African Journal of Endocrinology and Metabolism,https://www.ajol.info/index.php/ajem,1116-6495,1116-6495,,INACTIVE-TITLE,,
African Journal of Health Sciences,https://www.ajol.info/index.php/ajhs,,1022-9272,,INACTIVE-TITLE,,
African Journal of International Affairs,https://www.ajol.info/index.php/ajia,,0850-7902,,INACTIVE-TITLE,,
African Journal of Psychiatry,https://www.ajol.info/index.php/ajpsy,,1994-8220,,INACTIVE-TITLE,,
African Journal of Science and Technology,https://www.ajol.info/index.php/ajst,,1607-9949,,INACTIVE-TITLE,,
Afrimedic Journal,https://www.ajol.info/index.php/afrij,2141-162X,,,INACTIVE-TITLE,,
Annals of African Medicine,https://www.ajol.info/index.php/aam,,1596-3519,,INACTIVE-TITLE,,
Arab Journal of Nephrology and Transplantation,https://www.ajol.info/index.php/ajnt,1858-554X,1858-554X,,INACTIVE-TITLE,,
Benin Journal of Postgraduate Medicine,https://www.ajol.info/index.php/bjpm,0795-0268,0795-0268,,INACTIVE-TITLE,,
Bio-Research,https://www.ajol.info/index.php/br,1596-7409,,,INACTIVE-TITLE,,
Biokemistri,https://www.ajol.info/index.php/biokem,,0795-8080,,INACTIVE-TITLE,,
Botswana Journal of Economics,https://www.ajol.info/index.php/boje,1810-0163,1810-0163,,INACTIVE-TITLE,,
Clinics in Mother and Child Health,https://www.ajol.info/index.php/cmch,1812-5840,2090-7214,,INACTIVE-TITLE,,
Continuing Medical Education,https://www.ajol.info/index.php/cme,0256-2170,2078-5143,,INACTIVE-TITLE,,
Dar Es Salaam Medical Students' Journal,https://www.ajol.info/index.php/dmsj,0856-7212,0856-7212,,INACTIVE-TITLE,,
East African Journal of Sciences,https://www.ajol.info/index.php/eajsci,,1992-0407,,INACTIVE-TITLE,,DOAJ
East and Central African Journal of Pharmaceutical Sciences,https://www.ajol.info/index.php/ecajps,,1026-552X,,INACTIVE-TITLE,,
Edo Journal of Counselling,https://www.ajol.info/index.php/ejc,2006-7593,2006-7593,,INACTIVE-TITLE,,
Egyptian Journal of Biology,https://www.ajol.info/index.php/ejb,,1110-6859,,INACTIVE-TITLE,,
Egyptian Journal of Natural History,https://www.ajol.info/index.php/ejnh,,1110-6867,,INACTIVE-TITLE,,
Ethiopian Journal of Business and Economics (The),https://www.ajol.info/index.php/ejbe,2311-9772,2410-2393,,INACTIVE-TITLE,,
Ethiopian Journal of Economics,https://www.ajol.info/index.php/eje,,1993-3681,,INACTIVE-TITLE,,
FUTY Journal of the Environment,https://www.ajol.info/index.php/fje,1597-8826,1597-8826,,INACTIVE-TITLE,,
Global Journal of Agricultural Sciences,https://www.ajol.info/index.php/gjass,,1596-2903,,INACTIVE-TITLE,,
Global Journal of Community Medicine,https://www.ajol.info/index.php/gjcm,1597-9857,1597-9857,,INACTIVE-TITLE,,
Global Journal of Environmental Sciences,https://www.ajol.info/index.php/gjes,,1596-6194,,INACTIVE-TITLE,,
Global Journal of Humanities,https://www.ajol.info/index.php/gjh,,1596-6232,,INACTIVE-TITLE,,
Global Journal of Mathematical Sciences,https://www.ajol.info/index.php/gjmas,,1596-6208,,INACTIVE-TITLE,,
Global Journal of Medical Sciences,https://www.ajol.info/index.php/gjms,,1596-2911,,INACTIVE-TITLE,,
Information Manager (The),https://www.ajol.info/index.php/tim,,1596-5422,,INACTIVE-TITLE,,
International Journal of Applied Agriculture and Apiculture Research,https://www.ajol.info/index.php/ijaaar,0331-5428,,,INACTIVE-TITLE,,
International Journal of Community Research,https://www.ajol.info/index.php/ijcr,2315-6562,2384-6828,,INACTIVE-TITLE,,
International Journal of Health Research,https://www.ajol.info/index.php/ijhr,,1596-9819,,INACTIVE-TITLE,,
International Journal of Herbs and Pharmacological Research,https://www.ajol.info/index.php/ijhpr,2315-537X,2384-6836,,INACTIVE-TITLE,,
International Journal of Medicine and Biomedical Research,https://www.ajol.info/index.php/ijmbr,2277-0941,2315-5019,,INACTIVE-TITLE,,
Journal of Agriculture and Social Research (JASR),https://www.ajol.info/index.php/jasr,,1595-7470,,INACTIVE-TITLE,,
Journal of Business and Administrative Studies,https://www.ajol.info/index.php/jbas,2077-3420,2077-3420,,INACTIVE-TITLE,,
Journal of Food Technology in Africa,https://www.ajol.info/index.php/jfta,,1028-6098,,INACTIVE-TITLE,,
Journal of Philosophy and Culture,https://www.ajol.info/index.php/jpc,,0855-6660,,INACTIVE-TITLE,,
Journal of Surgical Technique and Case Report,https://www.ajol.info/index.php/jstcr,2006-8808,2006-8808,,INACTIVE-TITLE,,
Journal of the Eritrean Medical Association,https://www.ajol.info/index.php/jema,1998-6017,1998-6017,,INACTIVE-TITLE,,
Journal of the Nigerian Optometric Association,https://www.ajol.info/index.php/jnoa,0795-0039,0795-0039,,INACTIVE-TITLE,,
Journal Tunisien d'ORL et de Chirurgie Cervico-Faciale,https://www.ajol.info/index.php/jtdorl,,1737-7803,,INACTIVE-TITLE,,
Malawi Journal of Science and Technology,https://www.ajol.info/index.php/mjst,,1019-7079,,INACTIVE-TITLE,,
Nigerian Journal of Surgical Research,https://www.ajol.info/index.php/njsr,,1595-1103,,INACTIVE-TITLE,,
Rwanda Journal of Health Sciences,https://www.ajol.info/index.php/rjhs,2226-728X,,,INACTIVE-TITLE,,
Samaru Journal of Information Studies,https://www.ajol.info/index.php/sjis,,1596-5414,,INACTIVE-TITLE,,
Sciences & Nature,https://www.ajol.info/index.php/scinat,,1812-0741,,INACTIVE-TITLE,,
SINET: Ethiopian Journal of Science,https://www.ajol.info/index.php/sinet,0379-2897,2520–7997,,INACTIVE-TITLE,,
"Southern Africa Journal of Education, Science and Technology",https://www.ajol.info/index.php/sajest,,1819-3692,,INACTIVE-TITLE,,
Studies in Gender and Development in Africa,https://www.ajol.info/index.php/sigada,,0855-9449,,INACTIVE-TITLE,,
Tanzania Journal of Agricultural Sciences,https://www.ajol.info/index.php/tjags,,,,INACTIVE-TITLE,,
Thought and Practice,https://www.ajol.info/index.php/tp,0251-043X,2076-7714,,INACTIVE-TITLE,,
Town and Regional Planning,https://www.ajol.info/index.php/trp,1012-280X,2415-0495,,INACTIVE-TITLE,,DOAJ
Uganda Journal of Agricultural Sciences,https://www.ajol.info/index.php/ujas,1026-0919,2410-6909,,INACTIVE-TITLE,,
University of Mauritius Research Journal,https://www.ajol.info/index.php/umrj,,1694-0342,,INACTIVE-TITLE,,
West African Journal of Medicine,https://www.ajol.info/index.php/wajm,,0189-160X,,INACTIVE-TITLE,,
Zede Journal,https://www.ajol.info/index.php/zj,0514-6216,,,INACTIVE-TITLE,,
Rwanda Journal of Agricultural Sciences,https://www.ajol.info/index.php/rjeas,,2707-7209,,BLANK,,
"Rwanda Journal of Social Sciences, Humanities and Business",https://www.ajol.info/index.php/rjsshb,,,,BLANK,,