issn_input,issn_l,id,display_name,publisher,works_count,created_date,match_issn
0794-6961,0794-6961,V4210218058,Abia State University Medical Students Association Journal,African Journals Online,64,2022-02-03,issn
1023-0564,1023-0564,V2764665916,Acta Structilia : Journal for the Physical and Development Sciences,AFRICAN SUN MeDIA,241,2017-10-27,issn
2415-0487,1023-0564,V2764665916,Acta Structilia : Journal for the Physical and Development Sciences,AFRICAN SUN MeDIA,241,2017-10-27,issn
1015-8758,1015-8758,V79873615,Acta Theologica,AFRICAN SUN MeDIA,1086,2016-06-24,issn
2309-9089,1015-8758,V79873615,Acta Theologica,AFRICAN SUN MeDIA,1086,2016-06-24,issn
0850-3907,0850-3907,V143312382,Africa Development,African Journals Online,554,2016-06-24,issn
0256-2804,0256-2804,V2764927161,Africa insight,African Journals Online,1556,2017-10-27,issn
1995-641X,0256-2804,V2764927161,Africa insight,African Journals Online,1556,2017-10-27,issn
1560-8646,1560-8646,V4210207323,Africa sanguine,African Journals Online,10,2022-02-03,issn
1024-0969,1024-0969,V50250505,African Anthropologist,African Journals Online,152,2016-06-24,issn
1021-9730,1021-9730,V50725954,African Crop Science Journal,African Journals Online,1286,2016-06-24,issn
2072-6589,1021-9730,V50725954,African Crop Science Journal,African Journals Online,1286,2016-06-24,issn
0850-8518,NA,NA,NA,NA,NA,NA,NA
1680-6905,1680-6905,V167982310,African Health Sciences,African Journals Online,2364,2016-06-24,issn
2411-6939,2411-6939,V4210239504,African journal for physical activity and health sciences,"African Journal for Physical Activity and Health Sciences, Tshwane University of Technology",8,2022-02-03,issn
1727-9445,1608-5906,V71005283,African Journal of AIDS Research,Taylor & Francis,752,2016-06-24,issn
1608-5906,1608-5906,V71005283,African Journal of AIDS Research,Taylor & Francis,752,2016-06-24,issn
0794-2184,0794-2184,V4210211281,Aluta digest magazine,African Journals Online,29,2022-02-03,issn
1119-023X,1119-023X,V4210167828,African Journal of Applied Zoology and Environmental Biology,African Journals Online,45,2022-02-03,issn
1608-5914,1608-5914,V169546945,African Journal of Aquatic Science,Taylor & Francis,983,2016-06-24,issn
1727-9364,1608-5914,V169546945,African Journal of Aquatic Science,Taylor & Francis,983,2016-06-24,issn
1119-5096,1119-5096,V33826441,African Journal of Biomedical Research,African Journals Online,906,2016-06-24,issn
1684-5315,1684-5315,V118568332,African Journal of Biotechnology,Academic Journals,12976,2016-06-24,issn
2227-5835,NA,NA,NA,NA,NA,NA,NA
1595-689X,1595-689X,V2764858165,African Journal of Clinical and Experimental Microbiology,African Journals Online,661,2017-10-27,issn
1119-7056,1119-7056,V4210220513,African Journal of Cross-Cultural Psychology and Sport Facilitation,African Journals Online,54,2022-02-03,issn
2579-0242,2579-0242,V4210239009,African Journal of Current Medical Research,African Journal of Current Medical Research,22,2022-02-03,issn
1531-4065,1531-4065,V2765002491,African journal of drug and alcohol studies,African Journals Online,141,2017-10-27,issn
1116-4875,1116-4875,V115743143,African Journal of Economic Policy,African Journals Online,105,2016-06-24,issn
1821-8148,NA,NA,NA,NA,NA,NA,NA
2453-5966,NA,NA,NA,NA,NA,NA,NA
2508-1128,0855-501X,V27951828,African Journal of Educational Studies in Mathematics and Sciences,African Journals Online,169,2016-06-24,issn
1116-6495,1116-6495,V4210232841,African Journal of Endocrinology and Metabolism,African Journals Online,0,2022-02-03,issn
1996-0786,1996-0786,V2764782123,African Journal of Environmental Science and Technology,Academic Journals,1054,2017-10-27,issn
0856-6372,0856-6372,V2764859093,The African Journal of Finance and Management,African Journals Online,246,2017-10-27,issn
1608-1366,1608-1366,V4210176697,The African journal of food and nutritional security,African Journals Online,6,2022-02-03,issn
1684-5358,1684-5358,V112978253,"African Journal of Food, Agriculture, Nutrition and Development","African Journal of Food, Agriculture, Nutrition and Development",1315,2016-06-24,issn
1684-5374,1684-5358,V112978253,"African Journal of Food, Agriculture, Nutrition and Development","African Journal of Food, Agriculture, Nutrition and Development",1315,2016-06-24,issn
2218-5615,2218-5615,V4210226977,African journal of governance and development,"University of KwaZulu-Natal School of Management, IT and Governance",5,2022-02-03,issn
1022-9272,1022-9272,V72541820,African Journal of Health Sciences,African Journals Online,588,2016-06-24,issn
2006-0165,2006-0165,V150869501,African Journal of Infectious Diseases,African Traditional Herbal Medicine Supporters Initiative (ATHMSI),212,2016-06-24,issn
0850-7902,0850-7902,V89184246,African Journal of International Affairs,African Journals Online,85,2016-06-24,issn
0795-4778,NA,NA,NA,NA,NA,NA,NA
1596-4019,NA,NA,NA,NA,NA,NA,NA
2343-6689,2343-6689,V4210208908,African Journal of Management Research,African Journals Online,0,2022-02-03,issn
2458-7435,2343-6689,V4210208908,African Journal of Management Research,African Journals Online,0,2022-02-03,issn
1814-232X,1814-232X,V121195568,African Journal of Marine Science,Taylor & Francis,1846,2016-06-24,issn
1814-2338,1814-232X,V121195568,African Journal of Marine Science,Taylor & Francis,1846,2016-06-24,issn
1992-2647,1015-8618,V149137520,African Journal of Neurological Sciences,African Journals Online,400,2016-06-24,issn
1015-8618,1015-8618,V149137520,African Journal of Neurological Sciences,African Journals Online,400,2016-06-24,issn
0189-5710,0189-5710,V4210185996,African Journal of Oral Health,African Journals Online,59,2022-02-03,issn
1608-7232,1608-7232,V4210216904,African journal of oral health sciences,African Journals Online,45,2022-02-03,issn
2354-4325,NA,NA,NA,NA,NA,NA,NA
0189-6725,0974-5998,V176661866,African Journal of Paediatric Surgery,NA,911,2016-06-24,issn
2141-8322,2141-8322,V4210218651,African Journal of Physiotherapy and Rehabilitation Sciences,African Journals Online,70,2022-02-03,issn
1027-0353,1027-0353,V2765047149,African Journal of Political Science,African Journals Online,128,2017-10-27,issn
1994-8220,1994-8220,V4210224008,African journal of psychiatry,OMICS Publishing Group,0,2022-02-03,issn
1022-0119,1022-0119,V98916874,African Journal of Range & Forage Science,Taylor & Francis,1610,2016-06-24,issn
1727-9380,1022-0119,V98916874,African Journal of Range & Forage Science,Taylor & Francis,1610,2016-06-24,issn
1118-4841,1118-4841,V22933603,African Journal of Reproductive Health,African Journal of Reproductive Health (AJRH),1727,2016-06-24,issn
2307-2482,NA,NA,NA,NA,NA,NA,NA
1607-9949,1607-9949,V115255960,African Journal of Science and Technology,African Journals Online,220,2016-06-24,issn
1563-3934,NA,NA,NA,NA,NA,NA,NA
2409-5605,NA,NA,NA,NA,NA,NA,NA
2315-6317,NA,NA,NA,NA,NA,NA,NA
0189-6016,2505-0044,V23922572,"African Journal of Traditional, Complementary and Alternative Medicines",African Traditional Herbal Medicine Supporters Initiative (ATHMSI),1630,2016-06-24,issn
0002-0036,0002-0036,V4210175198,African journal of tropical hydrobiology and fisheries,African Journals Online,45,2022-02-03,issn
1110-5704,1110-5704,V92813228,African Journal of Urology,Springer Nature,1163,2016-06-24,issn
1562-6997,1562-6997,V69933324,African Journal on Conflict Resolution,African Journals Online,320,2016-06-24,issn
1994-9057,1994-9057,V1535467,African Research Review,African Journals Online,1330,2016-06-24,issn
2070-0083,1994-9057,V1535467,African Research Review,African Journals Online,1330,2016-06-24,issn
2042-1478,NA,NA,NA,NA,NA,NA,NA
1728-774X,1728-774X,V165972105,African Safety Promotion,African Journals Online,305,2016-06-24,issn
1027-4332,1027-4332,V4210191999,African sociological review,African Journals Online,205,2022-02-03,issn
1119-7196,1119-7196,V4210227510,African Studies Monographs,African Journals Online,0,2022-02-03,issn
1562-7020,1562-7020,V5885750,African Zoology,Taylor & Francis,1462,2016-06-24,issn
2224-073X,1562-7020,V5885750,African Zoology,Taylor & Francis,1462,2016-06-24,issn
2316-090X,2316-090X,V4210229953,Afrika statistika,Statistics and Probability African Society (SPAS),36,2022-02-03,issn
2141-162X,NA,NA,NA,NA,NA,NA,NA
1813-548X,1813-548X,V4210172354,Afrique science,African Journals Online,128,2022-02-03,issn
2225-8590,2225-8590,V2764371241,AFRREV IJAH: An International Journal of Arts and Humanities,African Journals Online,553,2017-10-27,issn
2227-5452,2225-8590,V2764371241,AFRREV IJAH: An International Journal of Arts and Humanities,African Journals Online,553,2017-10-27,issn
2225-8604,2225-8604,V2764721198,"AFRREV LALIGENS: An International Journal of Language, Literature and Gender Studies",African Journals Online,227,2017-10-27,issn
2227-5460,2225-8604,V2764721198,"AFRREV LALIGENS: An International Journal of Language, Literature and Gender Studies",African Journals Online,227,2017-10-27,issn
2225-8612,2225-8612,V2765048638,AFRREV STECH: An International Journal of Science and Technology,African Journals Online,190,2017-10-27,issn
2227-5444,2225-8612,V2765048638,AFRREV STECH: An International Journal of Science and Technology,African Journals Online,190,2017-10-27,issn
0855-5591,0855-5591,V4210199477,Agricultural and Food Science Journal of Ghana,African Journals Online,38,2022-02-03,issn
1119-7455,1119-7455,V4210213676,Agro-Science,African Journals Online,529,2022-02-03,issn
1015-2288,1015-2288,V4210224977,Agronomie africaine,African Journals Online,201,2022-02-03,issn
1117-9996,1117-9996,V4210183203,Agrosearch,African Journals Online,209,2022-02-03,issn
1110-0834,NA,NA,NA,NA,NA,NA,NA
2090-2948,NA,NA,NA,NA,NA,NA,NA
2707-7179,NA,NA,NA,NA,NA,NA,NA
2226-6054,2226-6054,V4210186870,Anatomy journal of Africa,African Journals Online,0,2022-02-03,issn
2305-9478,2226-6054,V4210186870,Anatomy journal of Africa,African Journals Online,0,2022-02-03,issn
0794-4721,0794-4721,V2764988676,Animal Production Research Advances,African Journals Online,345,2017-10-27,issn
1597-3115,1597-3115,V2764605548,Animal Research International,African Journals Online,604,2017-10-27,issn
0254-4296,0254-4296,V4210176709,Annales aequatoria,African Journals Online,0,2022-02-03,issn
1659-5009,1659-5009,V4210219355,Annales des Sciences Agronomiques,African Journals Online,108,2022-02-03,issn
1596-3519,1596-3519,V193927184,Annals of African Medicine,Medknow Publications,913,2016-06-24,issn
1999-9674,1999-9674,V2764674579,The Annals of African Surgery,African Journals Online,358,2017-10-27,issn
2523-0816,1999-9674,V2764674579,The Annals of African Surgery,African Journals Online,358,2017-10-27,issn
1596-6569,1596-6569,V2765029689,Annals of Biomedical Sciences,African Journals Online,493,2017-10-27,issn
2141-4343,NA,NA,NA,NA,NA,NA,NA
1597-1627,1597-1627,V2764963560,Annals of Ibadan postgraduate medicine,African Journals Online,339,2017-10-27,issn
2141-9248,2141-9248,V2755479478,Annals of Medical and Health Sciences Research,Medknow Publications,1366,2017-09-25,issn
2141-1263,NA,NA,NA,NA,NA,NA,NA
0331-3131,0331-3131,V2764487680,Annals of Nigerian Medicine,Medknow Publications,170,2017-10-27,issn
1687-4137,1687-4137,V2764809823,Annals of Pediatric Surgery,Springer Nature,523,2017-10-27,issn
1858-554X,1858-554X,V2765053238,Arab journal of nephrology and transplantation,African Journals Online,144,2017-10-27,issn
1467-6958,1467-6958,V2764546535,Archives of Ibadan Medicine,African Journals Online,140,2017-10-27,issn
1694-2086,1694-2086,V4210218792,Archivesof Medical and Biomedical Research,African Journals Online,0,2022-02-03,issn
1694-2078,1694-2078,V4210214942,Archives of Medical and Biomedical Research,African Journals Online,30,2022-02-03,issn
1596-6305,NA,NA,NA,NA,NA,NA,NA
2545-5672,NA,NA,NA,NA,NA,NA,NA
2635-3792,NA,NA,NA,NA,NA,NA,NA
2006-6996,2006-6996,V2765077765,Bayero Journal of Pure and Applied Sciences,African Journals Online,1218,2017-10-27,issn
0795-0268,0795-0268,V4210186919,The Resident doctor,African Journals Online,69,2022-02-03,issn
1596-7409,1596-7409,V4210219689,Bio-Research,African Journals Online,299,2022-02-03,issn
2705-3822,2705-3822,V4210200218,Bio Research Journal,NA,13,2022-02-03,issn
0795-8080,0795-8080,V4210171072,Biokemistri,African Journals Online,85,2022-02-03,issn
1810-0163,1810-0163,V4210192234,The Botswana journal of economics,African Journals Online,17,2022-02-03,issn
1019-1593,1019-1593,V2764631963,Botswana Journal of Technology,African Journals Online,199,2017-10-27,issn
1597-2836,1597-2836,V2764918330,Bowen Journal of Agriculture,African Journals Online,117,2017-10-27,issn
0378-9721,0378-9721,V4210213555,Bulletin of animal health and production in Africa,African Journals Online,0,2022-02-03,issn
1011-3924,1011-3924,V170147049,Bulletin of The Chemical Society of Ethiopia,African Journals Online,1231,2016-06-24,issn
1726-801X,1011-3924,V170147049,Bulletin of The Chemical Society of Ethiopia,African Journals Online,1231,2016-06-24,issn
2705-313X,NA,NA,NA,NA,NA,NA,NA
2705-3121,NA,NA,NA,NA,NA,NA,NA
1813-3320,1813-3320,V4210240128,Cameroon journal of agricultural science,African Journals Online,36,2022-02-03,issn
1816-0573,1816-0573,V2764979688,Cameroon Journal of Experimental Biology,African Journals Online,159,2017-10-27,issn
0008-9176,0008-9176,V2754483521,The Central African journal of medicine,African Journals Online,3918,2017-09-25,issn
2276-707X,NA,NA,NA,NA,NA,NA,NA
2384-6028,NA,NA,NA,NA,NA,NA,NA
1812-5840,1812-5840,V4210168883,Clinics in mother and child health,OMICS Publishing Group,7,2022-02-03,issn
2090-7214,1812-5840,V4210168883,Clinics in mother and child health,OMICS Publishing Group,7,2022-02-03,issn
1115-2664,1115-2664,V4210227859,Communicate Journal of Library and Information Science,African Journals Online,14,2022-02-03,issn
2343-6530,2343-6530,V4210176217,Contemporary journal of African studies,African Journals Online,0,2022-02-03,issn
0256-2170,NA,NA,NA,NA,NA,NA,NA
2078-5143,NA,NA,NA,NA,NA,NA,NA
0189-0263,NA,NA,NA,NA,NA,NA,NA
2006-6910,NA,NA,NA,NA,NA,NA,NA
0256-004,NA,NA,NA,NA,NA,NA,NA
2310-7103,2310-7103,V4210235929,Critical studies in teaching and learning,University of the Western Cape Library Service,112,2022-02-03,issn
1013-929X,1013-929X,V4210222646,Current Writing: Text And Reception In Southern Africa,Taylor & Francis,605,2022-02-03,issn
2159-9130,1013-929X,V4210222646,Current Writing: Text And Reception In Southern Africa,Taylor & Francis,605,2022-02-03,issn
0856-7212,0856-7212,V4210211770,The Dar es Salaam Medical Students Journal,African Journals Online,67,2022-02-03,issn
1465-0142,1465-0142,V4210192125,Democracy & development,African Journals Online,10,2022-02-03,issn
1015-079X,1015-079X,V132756435,Discovery and Innovation,African Journals Online,964,2016-06-24,issn
0012-8325,0012-8325,V2764848868,East African agricultural and forestry journal,Taylor & Francis,1914,2017-10-27,issn
2714-2183,2714-2132,V4210183597,East African Journal of Education and Social Sciences,Gitoya Centre for Academic Research and Dissemination,136,2022-02-03,issn
2714-2132,2714-2132,V4210183597,East African Journal of Education and Social Sciences,Gitoya Centre for Academic Research and Dissemination,136,2022-02-03,issn
1021-8858,1021-8858,V2765055629,East African journal of peace and human rights,African Journals Online,312,2017-10-27,issn
0856-8960,0856-8960,V2764487253,East African journal of public health,African Journals Online,428,2017-10-27,issn
1992-0407,1992-0407,V2764820045,East African Journal of Sciences,African Journals Online,249,2017-10-27,issn
1811-7503,1811-7503,V4210189944,The East African journal of statistics,African Journals Online,28,2022-02-03,issn
0012-835X,0012-835X,V4140075,East African Medical Journal,African Journals Online,9129,2016-06-24,issn
1994-1072,1994-1072,V2764676297,East African Orthopaedic Journal,African Journals Online,197,2017-10-27,issn
2664-0996,2664-0996,V4210179451,East Africa science,East African Health Research Commission,33,2022-02-03,issn
2664-1003,2664-0996,V4210179451,East Africa science,East African Health Research Commission,33,2022-02-03,issn
1026-552X,1026-552X,V4210231973,East and Central African journal of pharmaceutical sciences,African Journals Online,0,2022-02-03,issn
2073-9990,1024-297X,V2764767905,East and Central African Journal of Surgery,NA,962,2017-10-27,issn
0377-7103,0377-7103,V2764948665,Eastern Africa Journal of Rural Development,African Journals Online,212,2017-10-27,issn
1027-1775,1027-1775,V187634432,Eastern Africa Social Science Research Review,NA,386,2016-06-24,issn
1684-4173,1027-1775,V187634432,Eastern Africa Social Science Research Review,NA,386,2016-06-24,issn
1597-1260,1597-1260,V2764455846,Ebonyi Medical Journal,African Journals Online,159,2017-10-27,issn
2006-7593,2006-7593,V4210225432,Edo Journal of Counselling,African Journals Online,59,2022-02-03,issn
1687-1502,1687-1502,V2764780494,The Egyptian Journal of Biochemistry and Molecular Biology,African Journals Online,199,2017-10-27,issn
1110-6859,1110-6859,V2764419720,Egyptian Journal of Biology,African Journals Online,212,2017-10-27,issn
1110-6379,1110-6379,V4210187233,Egyptian Journal of Biomedical Sciences,African Journals Online,19,2022-02-03,issn
1110-6093,1110-6093,V4210195812,Egyptian Journal of Biotechnology,African Journals Online,13,2022-02-03,issn
1687-2002,1687-2002,V2764396899,The Egyptian Journal of Hospital Medicine,Egypts Presidential Specialized Council for Education and Scientific Research,4527,2017-10-27,issn
2090-7125,1687-2002,V2764396899,The Egyptian Journal of Hospital Medicine,Egypts Presidential Specialized Council for Education and Scientific Research,4527,2017-10-27,issn
1110-8630,1110-8630,V3034796422,Egyptian Journal of Medical Human Genetics,Springer Nature,754,2020-06-19,issn
1110-5593,1110-5593,V4210205761,Egyptian Journal of Medical Laboratory Sciences,African Journals Online,0,2022-02-03,issn
1110-6867,1110-6867,V4210189579,Egyptian Journal of Natural History,African Journals Online,13,2022-02-03,issn
2006-1838,2006-1838,V4210201270,Ekpoma Journal of Theatre and Media Arts,African Journals Online,83,2022-02-03,issn
2449-1179,2006-1838,V4210201270,Ekpoma Journal of Theatre and Media Arts,African Journals Online,83,2022-02-03,issn
0376-8902,0376-8902,V2765004616,English in Africa,African Journals Online,650,2017-10-27,issn
2006-0459,NA,NA,NA,NA,NA,NA,NA
2705-3636,NA,NA,NA,NA,NA,NA,NA
2354-1814,NA,NA,NA,NA,NA,NA,NA
2682-5961,NA,NA,NA,NA,NA,NA,NA
1010-2728,1010-2728,V2764880931,Ergonomics SA : Journal of the Ergonomics Society of South Africa,African Journals Online,111,2017-10-27,issn
0376-4753,0376-4753,V2764633692,ESARBICA Journal: Journal of the Eastern and Southern Africa Regional Branch of the International Council on Archives,African Journals Online,220,2017-10-27,issn
0257-2605,NA,NA,NA,NA,NA,NA,NA
2415-2382,NA,NA,NA,NA,NA,NA,NA
1819-8678,1819-8678,V2764791641,Ethiopian Journal of Biological Sciences,African Journals Online,220,2017-10-27,issn
2311-9772,2311-9772,V4210214270,The Ethiopian journal of business and economics,African Journals Online,25,2022-02-03,issn
2410-2393,2311-9772,V4210214270,The Ethiopian journal of business and economics,African Journals Online,25,2022-02-03,issn
0378-0813,0378-0813,V4210178622,Ethiopian journal of development research,African Journals Online,0,2022-02-03,issn
1993-3681,1993-3681,V2764740247,Ethiopian Journal of Economics,African Journals Online,236,2017-10-27,issn
1998-8907,1998-8907,V2764684395,Ethiopian Journal of Education and Sciences,African Journals Online,202,2017-10-27,issn
1998-0507,1998-0507,V2764705680,Ethiopian Journal of Environmental Studies and Management,African Journals Online,650,2017-10-27,issn
1021-6790,1021-6790,V67352463,Ethiopian Journal of Health Development,African Journals Online,1290,2016-06-24,issn
1029-1857,1029-1857,V2764917827,Ethiopian journal of health sciences,African Journals Online,1136,2017-10-27,issn
1816-3378,1816-3378,V4210172151,The Ethiopian journal of science and technology,African Journals Online,102,2022-02-03,issn
2312-6019,1816-3378,V4210172151,The Ethiopian journal of science and technology,African Journals Online,102,2022-02-03,issn
1810-4487,1810-4487,V2764462295,Ethiopian journal of the social sciences and humanities,African Journals Online,151,2017-10-27,issn
2520-582X,1810-4487,V2764462295,Ethiopian journal of the social sciences and humanities,African Journals Online,151,2017-10-27,issn
1029-5933,1029-5933,V2764971028,Ethiopian Pharmaceutical Journal,African Journals Online,205,2017-10-27,issn
1683-6324,1683-6324,V2764722114,Ethiopian Veterinary Journal,African Journals Online,265,2017-10-27,issn
2221-5034,1683-6324,V2764722114,Ethiopian Veterinary Journal,African Journals Online,265,2017-10-27,issn
2276-8386,2276-8386,V4210202315,Filosofia Theoretica,African Journals Online,0,2022-02-03,issn
2408-5987,2408-5987,V4210236293,Filosofia Theoretica Online,African Journals Online,157,2022-02-03,issn
2579-0625,2579-0617,V4210174700,FUOYE Journal of Engineering and Technology,"Faculty of Engineering, Federal University Oye-Ekiti",19,2022-02-03,issn
2579-0617,2579-0617,V4210174700,FUOYE Journal of Engineering and Technology,"Faculty of Engineering, Federal University Oye-Ekiti",19,2022-02-03,issn
1597-8826,1597-8826,V4210230861,Futy Journal of the Environment,African Journals Online,70,2022-02-03,issn
1596-9231,1596-9231,V2764840140,Gender and behaviour,African Journals Online,1320,2017-10-27,issn
0855-0042,0855-0042,V2764641250,Ghana journal of agricultural science,African Journals Online,581,2017-10-27,issn
0855-6768,0855-6768,V2764465405,Ghana Journal of Development Studies,African Journals Online,299,2017-10-27,issn
0855-1707,0855-1707,V4210215191,Ghana journal of foresty,African Journals Online,42,2022-02-03,issn
0855-9414,0855-9414,V4210222929,Ghana Journal of Geography,African Journals Online,47,2022-02-03,issn
2026-6596,2026-6596,V4210186267,Ghana journal of linguistics,African Journals Online,66,2022-02-03,issn
0855-1448,0855-1448,V4210222645,Ghana Journal of Science,African Journals Online,0,2022-02-03,issn
0855-3033,0855-3033,V2764400042,Ghana Library Journal,African Journals Online,142,2017-10-27,issn
0016-9560,0016-9560,V4210171962,Ghana Medical Journal,African Journals Online,15,2022-02-03,issn
0855-210X,0855-210X,V2764420890,Ghana Mining Journal,African Journals Online,191,2017-10-27,issn
0794-1005,0794-1005,V2764695053,Global Approaches to Extension Practice: A Journal of Agricultural Extension,African Journals Online,207,2017-10-27,issn
1596-2903,1596-2903,V2764487142,Global Journal of Agricultural Sciences,African Journals Online,401,2017-10-27,issn
1597-9857,1597-9857,V4210185170,Global Journal of Community Medicine,African Journals Online,0,2022-02-03,issn
1596-6224,1596-6224,V2764974601,Global Journal of Educational Research,African Journals Online,247,2017-10-27,issn
1596-292X,1596-292X,V2764539243,Global Journal of Engineering Research,African Journals Online,154,2017-10-27,issn
1596-6194,1596-6194,V2764562087,Global Journal of Environmental Sciences,African Journals Online,171,2017-10-27,issn
1596-6798,1596-6798,V2764466207,Global Journal of Geological Sciences,African Journals Online,268,2017-10-27,issn
1596-6232,1596-6232,V4210178520,Global journal of humaniies,African Journals Online,50,2022-02-03,issn
1596-6208,1596-6208,V2765021201,Global Journal of Mathematical Sciences,African Journals Online,152,2017-10-27,issn
1596-2911,1596-2911,V2764380375,Global Journal of Medical Sciences,African Journals Online,111,2017-10-27,issn
1118-0579,1118-0579,V2765025936,Global Journal of Pure and Applied Sciences,African Journals Online,1576,2017-10-27,issn
1596-6216,1596-6216,V2764870923,Global Journal of Social Sciences,African Journals Online,301,2017-10-27,issn
2227-2178,NA,NA,NA,NA,NA,NA,NA
2305-3739,NA,NA,NA,NA,NA,NA,NA
1025-9848,1025-9848,V87318383,Health Sa Gesondheid,AOSIS,896,2016-06-24,issn
2071-9736,1025-9848,V87318383,Health Sa Gesondheid,AOSIS,896,2016-06-24,issn
1596-2407,1596-2407,V2764778203,Highland Medical Research Journal,African Journals Online,351,2017-10-27,issn
0259-9422,0259-9422,V52609742,Theological Studies/Teologiese Studies,AOSIS,52,2016-06-24,issn
2072-8050,0259-9422,V52609742,Theological Studies/Teologiese Studies,AOSIS,52,2016-06-24,issn
1596-0749,1596-0749,V4210187019,Humanities Review Journal,African Journals Online,90,2022-02-03,issn
0856-6739,0856-6739,V2764656623,Huria: Journal of the Open University of Tanzania,African Journals Online,284,2017-10-27,issn
2141-9744,NA,NA,NA,NA,NA,NA,NA
0794-4896,0794-4896,V2764898342,Ife Journal of Science,African Journals Online,738,2017-10-27,issn
1117-1421,1117-1421,V2764448360,IFE Psychologia: An International Journal,African Journals Online,885,2017-10-27,issn
2141-7040,2141-7040,V4210208625,Ilorin Journal of Religious Studies,African Journals Online,9,2022-02-03,issn
1821-7613,NA,NA,NA,NA,NA,NA,NA
1683-0296,1683-0296,V2764586457,Indilinga: African Journal of Indigenous Knowledge Systems,African Journals Online,413,2017-10-27,issn
2079-7222,1445-7377,V4210191936,The Indo-Pacific journal of phenomenology,Taylor & Francis,8,2022-02-03,issn
1445-7377,1445-7377,V4210191936,The Indo-Pacific journal of phenomenology,Taylor & Francis,8,2022-02-03,issn
2141-4297,2141-4297,V4210220869,Information Impact Journal of Information and Knowledge Management,African Journals Online,0,2022-02-03,issn
2360-994X,2360-994X,V2764992432,Information Impact: Journal of Information and Knowledge Management,African Journals Online,249,2017-10-27,issn
1596-5422,1596-5422,V4210218927,The information Manager,African Journals Online,0,2022-02-03,issn
1597-4316,1597-4316,V4210171162,Information Technologist (The),African Journals Online,196,2022-02-03,issn
2077-2815,2077-2815,V4210228255,Inkanyiso,African Journals Online,0,2022-02-03,issn
1025-8892,1025-8892,V4210240766,Innovation (Pietermaritzburg),African Journals Online,0,2022-02-03,issn
1595-9716,1595-9716,V2764352091,International Journal of Agriculture and Rural Development,African Journals Online,223,2017-10-27,issn
0331-5428,NA,NA,NA,NA,NA,NA,NA
2315-5388,NA,NA,NA,NA,NA,NA,NA
2384-681X,NA,NA,NA,NA,NA,NA,NA
1991-8631,1991-8631,V2764438579,International Journal of Biological and Chemical Sciences,African Journals Online,3152,2017-10-27,issn
1997-342X,1991-8631,V2764438579,International Journal of Biological and Chemical Sciences,African Journals Online,3152,2017-10-27,issn
2315-6562,NA,NA,NA,NA,NA,NA,NA
2384-6828,NA,NA,NA,NA,NA,NA,NA
1597-9482,NA,NA,NA,NA,NA,NA,NA
2734-3316,NA,NA,NA,NA,NA,NA,NA
0795-0632,0795-0632,V4210217553,International Journal of Development and Policy Studies,African Journals Online,47,2022-02-03,issn
1595-8485,NA,NA,NA,NA,NA,NA,NA
1119-7048,1119-7048,V4210207318,International Journal of Emotional Psychology and Sport Ethics,African Journals Online,36,2022-02-03,issn
2141-2820,2141-2820,V2764881373,International journal of engineering science and technology,African Journals Online,893,2017-10-27,issn
2141-2839,2141-2839,V4210182015,"International Journal of Engineering, Science and Technology &b. Lagos",African Journals Online,2,2022-02-03,issn
1596-9819,1596-9819,V2764950290,International Journal of Health Research,African Journals Online,120,2017-10-27,issn
2315-537X,NA,NA,NA,NA,NA,NA,NA
2384-6836,NA,NA,NA,NA,NA,NA,NA
1596-3381,1596-3381,V4210175036,International Journal of Malaria and Tropical Diseases (IJMTD),African Journals Online,10,2022-02-03,issn
2277-0941,2315-5019,V2764514180,International Journal of Medicine and Biomedical Research,Michael Joanna Publications,166,2017-10-27,issn
2315-5019,2315-5019,V2764514180,International Journal of Medicine and Biomedical Research,Michael Joanna Publications,166,2017-10-27,issn
1118-2601,1118-2601,V2764362893,International Journal of Medicine and Health Development,African Journals Online,565,2017-10-27,issn
1737-7374,1737-7374,V2739187071,International Journal of Modern Anthropology,African Journals Online,95,2017-07-31,issn
1737-8176,1737-7374,V2739187071,International Journal of Modern Anthropology,African Journals Online,95,2017-07-31,issn
0794-4713,0794-4713,V2764779281,International Journal of Natural and Applied Sciences,African Journals Online,485,2017-10-27,issn
2026-6081,NA,NA,NA,NA,NA,NA,NA
1597-913X,1597-913X,V2764975783,International Journal of Tropical Agriculture and Food Systems,African Journals Online,279,2017-10-27,issn
1694-0423,1694-0423,V4210224191,Internet Journal of Medical Update,African Journals Online,0,2022-02-03,issn
1012-2338,1012-2338,V4210238499,Studi d'italianistica nell'Africa Australe,African Journals Online,87,2022-02-03,issn
2225-7039,1012-2338,V4210238499,Studi d'italianistica nell'Africa Australe,African Journals Online,87,2022-02-03,issn
2665-0789,NA,NA,NA,NA,NA,NA,NA
2591-7013,NA,NA,NA,NA,NA,NA,NA
1019-7788,1019-7788,V4210197333,JASSA. Journal of applied science in Southern Africa,African Journals Online,0,2022-02-03,issn
2006-0734,2006-0734,V2764897430,Jos Journal of Medicine,African Journals Online,223,2017-10-27,issn
1727-8651,NA,NA,NA,NA,NA,NA,NA
2413-354X,NA,NA,NA,NA,NA,NA,NA
0851-4453,0851-4453,V4210192300,L'Ecran marocain,NA,86,2022-02-03,issn
0257-7062,0257-7062,V4210238856,Journal for Islamic studies,African Journals Online,0,2022-02-03,issn
0258-252X,0258-252X,V2764493430,Journal of juridical science,AFRICAN SUN MeDIA,402,2017-10-27,issn
0259-9570,0259-9570,V2764521525,Journal for Language Teaching,African Journals Online,407,2017-10-27,issn
1011-7601,1011-7601,V2764495214,Journal for the Study of Religion,Academy of Science of South Africa,381,2017-10-27,issn
2315-9987,NA,NA,NA,NA,NA,NA,NA
2449-108X,NA,NA,NA,NA,NA,NA,NA
1119-944X,1119-944X,V4210188148,Journal of Agricultural Extension,African Journals Online,0,2022-02-03,issn
2408-6851,1119-944X,V4210188148,Journal of Agricultural Extension,African Journals Online,0,2022-02-03,issn
1596-5511,1596-5511,V2764654561,Journal of Agricultural Research and Development,African Journals Online,333,2017-10-27,issn
1597-1074,1597-1074,V2738150795,Journal of Agriculture and Food Sciences,African Journals Online,219,2017-07-31,issn
1595-7470,1595-7470,V4210240631,Journal of Agriculture and Social Research,African Journals Online,0,2022-02-03,issn
1597-0906,1597-0906,V2764946797,"Journal of Agriculture, Forestry and the Social Sciences",African Journals Online,632,2017-10-27,issn
1561-7645,1561-7645,V4210219248,Journal of agriculture science and technology,African Journals Online,0,2022-02-03,issn
1997-5902,1997-5902,V2765041180,Journal of Applied Biosciences,"Elewa Biosciences, F.a.C.T Ltd (K)",1275,2017-10-27,issn
1117-2894,1117-2894,V4210214377,Journal of Applied Chemistry and Agricultural Research,African Journals Online,45,2022-02-03,issn
0855-2215,0855-2215,V2764766881,Journal of Applied Science and Technology,African Journals Online,458,2017-10-27,issn
1596-3233,1596-3233,V2764642960,"Journal of Applied Science, Engineering and Technology",African Journals Online,156,2017-10-27,issn
1119-8362,1119-8362,V2764908035,Journal of Applied Sciences and Environmental Management,African Journals Online,2470,2017-10-27,issn
2659-1502,2659-1502,V4210197014,Journal of applied science and environmental management,NA,67,2022-02-03,issn
0189-8779,0189-8779,V2764524592,Journal of Aquatic Sciences,African Journals Online,559,2017-10-27,issn
2278-960X,2278-960X,V2764494202,Journal of Basic and Clinical Reproductive Sciences,Medknow Publications,174,2017-10-27,issn
2320-2041,2278-960X,V2764494202,Journal of Basic and Clinical Reproductive Sciences,Medknow Publications,174,2017-10-27,issn
1597-0043,1597-0043,V4210181073,Journal of Biomedical Investigation,African Journals Online,94,2022-02-03,issn
0856-0501,0856-0501,V4210170202,Journal of building and land development,African Journals Online,14,2022-02-03,issn
2077-3420,2077-3420,V4210189223,Journal of business and administrative studies,African Journals Online,13,2022-02-03,issn
0148-2963,0148-2963,V93284759,Journal of Business Research,Elsevier,9467,2016-06-24,issn
1728-0583,1728-0583,V202017839,Journal of Child & Adolescent Mental Health,Taylor & Francis,493,2016-06-24,issn
1728-0591,1728-0583,V202017839,Journal of Child & Adolescent Mental Health,Taylor & Francis,493,2016-06-24,issn
1729-5769,1729-5769,V2764770842,Journal of Civil Engineering Research and Practice,African Journals Online,105,2017-10-27,issn
1562-6121,1562-6121,V4210201405,Journal of civil engineering,African Journals Online,20,2022-02-03,issn
0794-7410,0794-7410,V2764614389,Journal of Community Medicine and Primary Health Care,African Journals Online,239,2017-10-27,issn
2006-5523,2006-5523,V4210228404,Journal of Computer Science and Its Application,African Journals Online,94,2022-02-03,issn
0378-5254,0378-5254,V4210219641,Journal of dietetics and home economics,African Journals Online,0,2022-02-03,issn
1595-0956,1595-0956,V4210177926,Journal of Cultural Studies,African Journals Online,0,2022-02-03,issn
2305-7432,2305-7432,V4210224369,Journal of development and communication studies,African Journals Online,0,2022-02-03,issn
0012-8317,0012-8317,V4210218210,Journal of the East Africa Natural History Society and National Museum,NA,0,2022-02-03,issn
1026-1613,1026-1613,V105436461,Journal of East African Natural History,BioOne (East African Natural History Society),336,2016-06-24,issn
1119-9210,NA,NA,NA,NA,NA,NA,NA
003-8-2469,NA,NA,NA,NA,NA,NA,NA
1595-5125,1595-5125,V2764936203,Journal of Environmental Extension,African Journals Online,155,2017-10-27,issn
1560-1560,0256-8888,V4210169839,Registre de l'ISDS,NA,43,2022-02-03,issn
1596-2393,1596-2393,V2764859092,Journal of Experimental and Clinical Anatomy,Medknow Publications,323,2017-10-27,issn
1028-6098,1028-6098,V4210222165,The journal of food technology in Africa,African Journals Online,0,2022-02-03,issn
1112-9867,1112-9867,V2738068221,Journal of Fundamental and Applied Sciences,African Journals Online,2799,2017-07-31,issn
1597-3778,1597-3778,V4210224260,Journal of History and Diplomatic Studies,African Journals Online,38,2022-02-03,issn
1016-0728,1016-0728,V4210184385,Journal of humanities (Zomba),African Journals Online,32,2022-02-03,issn
1998-1279,1998-1279,V2764921251,"Journal of Language, Technology & Entrepreneurship in Africa",African Journals Online,218,2017-10-27,issn
1595-8922,1595-8922,V4210235688,Journal of Librarianship and Information Science in Africa,African Journals Online,8,2022-02-03,issn
2026-6294,2026-6294,V4210229795,Journal of medical and biomedical sciences,African Journals Online,72,2022-02-03,issn
1116-1043,1116-1043,V2764994407,Journal of Medical Laboratory Science,African Journals Online,150,2017-10-27,issn
1596-6941,1596-6941,V2765054694,Journal of Medicine and Biomedical Research,African Journals Online,251,2017-10-27,issn
1119-3999,1119-3999,V4210198689,Journal of Medicine and Medical Sciences,African Journals Online,9,2022-02-03,issn
2276-7096,2276-7096,V2764498010,Journal of medicine in the tropics,Medknow Publications,391,2017-10-27,issn
2006-7003,NA,NA,NA,NA,NA,NA,NA
1116-2775,1116-2775,V2764979736,Journal of Mining and Geology,African Journals Online,154,2017-10-27,issn
1596-3497,1596-3497,V4210208117,Journal of Modeling Design and Management of Engineering Systems,African Journals Online,34,2022-02-03,issn
1012-8867,NA,NA,NA,NA,NA,NA,NA
1596-8499,1596-8499,V2764417862,Journal of Pharmaceutical and Allied Sciences,African Journals Online,345,2017-10-27,issn
0189-8442,0189-8442,V2764908113,Journal of Pharmacy & Bioresources,African Journals Online,370,2017-10-27,issn
0855-6660,0855-6660,V4210186297,Journal of Philosophy and Culture,African Journals Online,5,2022-02-03,issn
1118-1028,1118-1028,V4210197336,Journal of Phytomedicine and Therapeutics,African Journals Online,54,2022-02-03,issn
1433-0237,1433-0237,V188876174,Journal of Psychology in Africa,Taylor & Francis,1507,2016-06-24,issn
2006-5442,2006-5442,V2764558756,Journal of Religion and Human Relations,African Journals Online,181,2017-10-27,issn
2141-1778,NA,NA,NA,NA,NA,NA,NA
1596-8308,1596-8308,V2765000448,Journal of Research in National Development,African Journals Online,569,2017-10-27,issn
2070-1748,2070-1748,V4210201638,Journal of science and sustainable development,African Journals Online,61,2022-02-03,issn
0855-0395,0855-0395,V4210187228,Journal of the University of Science and Technology,African Journals Online,510,2022-02-03,issn
1027-4928,1027-4928,V4210235939,University of Zambia journal of science and technology,African Journals Online,41,2022-02-03,issn
1012-1080,1012-1080,V180770204,Journal of Social Development in Africa,African Journals Online,481,2016-06-24,issn
2507-7783,NA,NA,NA,NA,NA,NA,NA
2591-6955,NA,NA,NA,NA,NA,NA,NA
2307-6267,2307-6267,V2764856797,Journal of Student Affairs in Africa,Stellenbosch University - Journal of Student Affairs in Africa,252,2017-10-27,issn
2006-8808,2006-8808,V73897502,Journal of Surgical Technique and Case Report,CLOCKSS Archive,184,2016-06-24,issn
2467-8406,2467-8406,V4210234275,Journal for Sustainable Development Law and Policy,African Journals Online,65,2022-02-03,issn
2467-8392,2467-8406,V4210234275,Journal for Sustainable Development Law and Policy,African Journals Online,65,2022-02-03,issn
1118-5570,1118-5570,V2764648128,Journal of Technology and Education in Nigeria,African Journals Online,183,2017-10-27,issn
1597-0597,NA,NA,NA,NA,NA,NA,NA
2617-3948,2617-393X,V4210232756,The journal of the Cameroon Academy of Sciences,NA,6,2022-02-03,issn
1998-6017,1998-6017,V4210200422,Journal of Eritrean Medical Association,African Journals Online,61,2022-02-03,issn
0855-3823,0855-3823,V2764514470,Journal of the Ghana Science Association,African Journals Online,546,2017-10-27,issn
1812-1004,1812-1004,V5370977,Journal of The Musical Arts in Africa,Taylor & Francis,239,2016-06-24,issn
2070-626X,1812-1004,V5370977,Journal of The Musical Arts in Africa,Taylor & Francis,239,2016-06-24,issn
1116-4336,1116-4336,V2764801294,Journal of the Nigerian Association of Mathematical Physics,African Journals Online,951,2017-10-27,issn
1119-1716,1119-1716,V4210179769,Journal of the Nigerian Infection Control Association,African Journals Online,19,2022-02-03,issn
0795-0039,0795-0039,V4210195093,The Red Parrot,African Journals Online,68,2022-02-03,issn
0331-3727,0331-3727,V4210199923,Ifemed,African Journals Online,40,2022-02-03,issn
1012-2796,1012-2796,V4210181877,S.A. argiefblad,African Journals Online,17,2022-02-03,issn
1607-4106,1607-4106,V4210223431,Journal of tropical microbiology,African Journals Online,68,2022-02-03,issn
1737-7803,1737-7803,V4210205857,"Journal tunisien d'ORL, de chirurgie cervico-faciale et d'audiophonologie",African Journals Online,126,2022-02-03,issn
2006-4772,2006-4772,V4210179305,Kanem Journal of medical Sciences,University of Maiduguri - College of Medical Sciences,45,2022-02-03,issn
2714-2426,2714-2426,V4210184853,Kanem Journal of Medical Sciences,University of Maiduguri - College of Medical Sciences,0,2022-02-03,issn
2072-7992,2071-2162,V4210213249,KCA Journal of business management,African Journals Online,0,2022-02-03,issn
2071-2162,2071-2162,V4210213249,KCA Journal of business management,African Journals Online,0,2022-02-03,issn
0256-5161,0256-5161,V2764570405,The Kenya Veterinarian,African Journals Online,267,2017-10-27,issn
0856-552X,0856-552X,V4210234970,Kioo cha Lugha,African Journals Online,23,2022-02-03,issn
0023-1886,0023-1886,V4210184202,Kiswahili,African Journals Online,9,2022-02-03,issn
1596-5031,1596-5031,V2764423988,Lagos Historical Review,African Journals Online,182,2017-10-27,issn
1596-9487,1596-9487,V4210174381,Lagos Journal of Library and Information Science,African Journals Online,56,2022-02-03,issn
0075-7640,0075-7640,V4210209197,Lagos notes and records,African Journals Online,55,2022-02-03,issn
2077-4907,2077-4907,V2764888548,"Law, Democracy and Development",African Journals Online,368,2017-10-27,issn
1118-3713,1118-3713,V4210223635,LBS management review,African Journals Online,48,2022-02-03,issn
0855-1502,0855-1502,V2764824360,Legon Journal of the Humanities,African Journals Online,271,2017-10-27,issn
2458-746X,2458-746X,V4210169262,Legon Journal of the Humanities,African Journals Online,0,2022-02-03,issn
2437-0568,NA,NA,NA,NA,NA,NA,NA
1012-0009,NA,NA,NA,NA,NA,NA,NA
1684-4904,1684-4904,V132625027,Lexikos,Stellenbosch University - Lexikos,1093,2016-06-24,issn
2224-0039,1684-4904,V132625027,Lexikos,Stellenbosch University - Lexikos,1093,2016-06-24,issn
1993-2820,1819-6357,V198684006,Libyan Journal of Medicine,Taylor & Francis,541,2016-06-24,issn
1819-6357,1819-6357,V198684006,Libyan Journal of Medicine,Taylor & Francis,541,2016-06-24,issn
1813-2227,1813-2227,V2764905072,Lwati: a journal of contemporary research,African Journals Online,803,2017-10-27,issn
1662-2510,1662-2510,V2737345402,Madagascar Conservation & Development,African Journals Online,236,2017-07-31,issn
1816-6822,1816-6822,V2764510098,Makerere Journal of Higher Education,African Journals Online,162,2017-10-27,issn
2707-6113,1816-6822,V2764510098,Makerere Journal of Higher Education,African Journals Online,162,2017-10-27,issn
1019-7079,1019-7079,V4210167566,Malawi journal of science & technology,African Journals Online,12,2022-02-03,issn
1995-7262,1995-7262,V4210186377,Malawi medical journal,African Journals Online,13,2022-02-03,issn
2676-184X,2676-184X,V4210208090,مجلة بحوث الإدارة و الاقتصاد,"Management & Economics Research Journal, Ziane Achour University of Djelfa",3,2022-02-03,issn
2710-8856,2676-184X,V4210208090,مجلة بحوث الإدارة و الاقتصاد,"Management & Economics Research Journal, Ziane Achour University of Djelfa",3,2022-02-03,issn
1816-7659,1816-7659,V2765063385,Marang: Journal of Language and Literature,African Journals Online,190,2017-10-27,issn
1119-409X,1119-409X,V2764891941,Mary Slessor Journal of Medicine,African Journals Online,225,2017-10-27,issn
0855-4706,0855-4706,V4210207272,Mathematics Connection,African Journals Online,65,2022-02-03,issn
0047-651X,0047-651X,V2764364198,Medical journal of Zambia,African Journals Online,855,2017-10-27,issn
2346-7126,NA,NA,NA,NA,NA,NA,NA
2682-4132,2682-4132,V4210239197,Microbes and Infectious Diseases (Print),NA,200,2022-02-03,issn
2682-4140,2682-4132,V4210239197,Microbes and Infectious Diseases (Print),NA,200,2022-02-03,issn
1998-9881,1998-9881,V2737330238,Mizan Law Review,African Journals Online,215,2017-07-31,issn
2309-902X,1998-9881,V2737330238,Mizan Law Review,African Journals Online,215,2017-07-31,issn
2073-073X,2073-073X,V2765063649,Momona Ethiopian Journal of Science,African Journals Online,211,2017-10-27,issn
2220-184X,2073-073X,V2765063649,Momona Ethiopian Journal of Science,African Journals Online,211,2017-10-27,issn
1595-4153,1595-4153,V2764832414,Moor Journal of Agricultural Research,African Journals Online,165,2017-10-27,issn
1607-0011,1607-0011,V4210193281,Mtafiti mwafrika (Print),African Journals Online,19,2022-02-03,issn
1607-2820,NA,NA,NA,NA,NA,NA,NA
1687-1219,1687-1219,V4210217675,New Egyptian journal of microbiology,African Journals Online,0,2022-02-03,issn
0300-368X,0300-368X,V2764430216,Nigeria Agricultural Journal,African Journals Online,749,2017-10-27,issn
0794-067X,0794-067X,V4210211405,Nigeria journal of business administration,African Journals Online,15,2022-02-03,issn
1596-0862,1596-0862,V4210187528,Nigeria Journal of Pure and Applied Physics,African Journals Online,0,2022-02-03,issn
0189-1006,0189-1006,V2764774537,Nigerian Dental Journal,African Journals Online,157,2017-10-27,issn
2251-0362,NA,NA,NA,NA,NA,NA,NA
0189-7241,0189-7241,V2764475787,Nigerian Food Journal,Elsevier,548,2017-10-27,issn
1597-4292,NA,NA,NA,NA,NA,NA,NA
1597-7889,1597-7889,V2764396438,Nigerian Hospital Practice,African Journals Online,935,2017-10-27,issn
0331-2062,0331-2062,V2764865957,Nigerian Journal of Animal Production,Nigerian Society for Animal Production (NSAP),2236,2017-10-27,issn
1119-4308,1119-4308,V2764532752,Nigerian Journal of Animal Science,African Journals Online,799,2017-10-27,issn
0794-5698,0794-5698,V2764769656,Nigerian Journal of Basic and Applied Sciences,African Journals Online,454,2017-10-27,issn
0189-1731,0189-1731,V2765027970,Nigerian Journal of Biotechnology,African Journals Online,370,2017-10-27,issn
1119-0221,1119-0221,V2765054207,Nigerian Journal of Chemical Research,African Journals Online,192,2017-10-27,issn
1118-4035,1118-4035,V4210208703,Nigerian Journal of Clinical and Counselling Psychology,African Journals Online,28,2022-02-03,issn
2141-1123,2141-1123,V4210206930,The  Nigerian Journal of Clinical Medicine,African Journals Online,78,2022-02-03,issn
1119-3077,2229-7731,V14731854,Nigerian Journal of Clinical Practice,NA,2848,2016-06-24,issn
2636-4956,2636-4956,V4210198659,Nigerian Journal of Dental Research,NA,0,2022-02-03,issn
2714-4089,2714-4089,V4210203248,Nigerian Journal of Dental Research,NA,11,2022-02-03,issn
2141-9884,NA,NA,NA,NA,NA,NA,NA
1597-443X,1597-443X,V4210186850,Nigerian Journal of Fisheries,African Journals Online,31,2022-02-03,issn
2251-0079,2251-0079,V4210222418,Nigerian Journal of Gastroentererology and Hepatology,Medknow Publications,23,2022-02-03,issn
1118-4647,1118-4647,V4210233441,The Nigerian journal of general practice,Medknow Publications,0,2022-02-03,issn
0189-9686,0189-9686,V2898497896,Nigerian Journal of Genetics,Elsevier,62,2018-11-02,issn
0794-0831,0794-0831,V2765013826,Nigerian Journal of Guidance and Counselling,African Journals Online,241,2017-10-27,issn
1595-8272,1595-8272,V2764939140,Nigerian Journal of Health and Biomedical Sciences,African Journals Online,263,2017-10-27,issn
1118-2733,1118-2733,V2764912116,Nigerian Journal of Horticultural Science,African Journals Online,149,2017-10-27,issn
1115-2613,1115-2613,V2753950278,Nigerian journal of medicine : journal of the National Association of Resident Doctors of Nigeria,Medknow Publications,970,2017-09-25,issn
2667-0526,1115-2613,V2753950278,Nigerian journal of medicine : journal of the National Association of Resident Doctors of Nigeria,Medknow Publications,970,2017-09-25,issn
1118-6267,1118-6267,V2764468938,Nigerian Journal of Natural Products and Medicine,African Journals Online,359,2017-10-27,issn
0189-0913,0189-0913,V4210233831,Nigerian journal of nutritional sciences,African Journals Online,0,2022-02-03,issn
0189-9171,0189-9171,V2764548868,Nigerian journal of ophthalmology,Medknow Publications,366,2017-10-27,issn
2468-8363,NA,NA,NA,NA,NA,NA,NA
1596-4582,1596-4582,V2765020650,Nigerian Journal of Orthopaedics and Trauma,Medknow Publications,300,2017-10-27,issn
0302-4660,0302-4660,V2764350267,Nigerian journal of paediatrics,African Journals Online,623,2017-10-27,issn
1117-4145,1117-4145,V2764882101,Nigerian Journal of Parasitology,African Journals Online,716,2017-10-27,issn
0189-8434,0189-8434,V4210228332,Nigerian Journal of Phamaceutical Research,African Journals Online,0,2022-02-03,issn
1595-0611,1595-0611,V2765078416,Nigerian Journal of Physics,African Journals Online,232,2017-10-27,issn
0794-859X,0794-859X,V2764994983,Nigerian journal of physiological sciences : official publication of the Physiological Society of Nigeria,African Journals Online,486,2017-10-27,issn
0794-9316,0794-9316,V2764357745,Nigerian Journal of Plastic Surgery,Medknow Publications,182,2017-10-27,issn
2006-8530,2006-8530,V4210175665,Nigerian Journal of Postgraduate Medicine,African Journals Online,15,2022-02-03,issn
0189-1774,0189-1774,V2764544948,Nigerian Journal of Psychiatry,African Journals Online,160,2017-10-27,issn
1595-6121,1595-6121,V4210189940,Nigerian Journal of Soil and Environmental Research,African Journals Online,44,2022-02-03,issn
1117-6806,1117-6806,V2764900162,Nigerian journal of surgery : official publication of the Nigerian Surgical Research Society,Medknow Publications,280,2017-10-27,issn
1595-1103,1595-1103,V2764394448,Nigerian Journal of Surgical Research,CLOCKSS Archive,267,2017-10-27,issn
1116-5898,1116-5898,V2764405550,Nigerian Journal of Surgical Sciences,Medknow Publications,143,2017-10-27,issn
0189-9546,2437-2110,V2737960338,Nigerian Journal of Technological Development,African Journals Online,207,2017-07-31,issn
2437-2110,2437-2110,V2737960338,Nigerian Journal of Technological Development,African Journals Online,207,2017-07-31,issn
0795-5111,0795-5111,V2764905750,Nigerian Journal of Technological Research,African Journals Online,337,2017-10-27,issn
0331-8443,0331-8443,V2764753315,Nigerian Journal of Technology,African Journals Online,1493,2017-10-27,issn
2467-8821,0331-8443,V2764753315,Nigerian Journal of Technology,African Journals Online,1493,2017-10-27,issn
0029-0122,0029-0122,V4210193832,Nigerian libraries,African Journals Online,33,2022-02-03,issn
0300-1652,NA,V2738505746,Nigerian Medical Journal,Medknow Publications,525,2017-07-31,issn
2229-774X,NA,V2738505746,Nigerian Medical Journal,Medknow Publications,525,2017-07-31,issn
0189-0964,0189-0964,V2764854207,The Nigerian medical practitioner,African Journals Online,544,2017-10-27,issn
1116-428X,1116-428X,V4210225787,Nigerian Music Review,African Journals Online,24,2022-02-03,issn
0189-2657,0189-2657,V2764567871,Nigerian quarterly journal of hospital medicine,African Journals Online,983,2017-10-27,issn
0331-8214,NA,NA,NA,NA,NA,NA,NA
0331-3026,0331-3026,V2764940580,Nigerian Veterinary Journal,African Journals Online,664,2017-10-27,issn
2276-7371,NA,NA,NA,NA,NA,NA,NA
1027-9148,1027-9148,V2764975057,South African Pharmacist's Assistant,African Journals Online,562,2017-10-27,issn
1597-474X,1597-474X,V2764782618,OGIRISI: a New Journal of African Studies,African Journals Online,159,2017-10-27,issn
2226-4485,2218-6050,V2764524492,Open veterinary journal,ScopeMed,537,2017-10-27,issn
2218-6050,2218-6050,V2764524492,Open veterinary journal,ScopeMed,537,2017-10-27,issn
2644-3740,NA,NA,NA,NA,NA,NA,NA
1115-0521,1115-0521,V2765077742,Orient Journal of Medicine,African Journals Online,306,2017-10-27,issn
0529-191-X,NA,NA,NA,NA,NA,NA,NA
2304-8239,NA,NA,NA,NA,NA,NA,NA
0030-6525,0030-6525,V35405154,Ostrich,Taylor & Francis,2809,2016-06-24,issn
1727-947X,0030-6525,V35405154,Ostrich,Taylor & Francis,2809,2016-06-24,issn
0795-9478,0795-9478,V4210215515,Oye : Ogun journal of arts,African Journals Online,19,2022-02-03,issn
1937-8688,1937-8688,V2755481371,The Pan African medical journal,Pan African Medical Journal,10002,2017-09-25,issn
0258-2236,0258-2236,V165237833,Perspectives in Education,AFRICAN SUN MeDIA,1050,2016-06-24,issn
0556-8641,0556-8641,V4210209058,Philosophical papers,Taylor & Francis,731,2022-02-03,issn
1119-2283,1119-2283,V4210198195,Plant Products Research Communications,African Journals Online,56,2022-02-03,issn
0795-3038,0795-3038,V2764651183,Port Harcourt Medical Journal,Medknow Publications,518,2017-10-27,issn
1727-3781,1727-3781,V2739045422,Potchefstroom Electronic Law Journal,Academy of Science of South Africa,997,2017-07-31,issn
1607-3606,1607-3606,V168054501,Quaestiones Mathematicae,Taylor & Francis,2062,2016-06-24,issn
1727-933X,1607-3606,V168054501,Quaestiones Mathematicae,Taylor & Francis,2062,2016-06-24,issn
2026-6324,NA,NA,NA,NA,NA,NA,NA
2224-3534,2224-3534,V4210186396,Research in hospitality management,Taylor & Francis,217,2022-02-03,issn
2415-5152,2224-3534,V4210186396,Research in hospitality management,Taylor & Francis,217,2022-02-03,issn
2360-7793,2360-7793,V4210209638,Research Journal of Health Sciences,African Journals Online,0,2022-02-03,issn
2467-8252,2467-8252,V2764752992,Research Journal of Health Sciences,African Journals Online,280,2017-10-27,issn
0855-4412,0855-4412,V2765060470,Research Review of the Institute of African Studies,African Journals Online,156,2017-10-27,issn
1024-4190,1024-4190,V4210185571,Review of Southern African studies,African Journals Online,51,2022-02-03,issn
1997-3756,1997-3756,V4210240018,Revue africaine de chirurgie et spécialités,African Journals Online,37,2022-02-03,issn
0773-8439,0773-8439,V4210168114,Revue burkinabè de droit,African Journals Online,22,2022-02-03,issn
1111-0015,1111-0015,V4210215792,RIST,African Journals Online,74,2022-02-03,issn
2226-2903,NA,NA,NA,NA,NA,NA,NA
2410-8936,NA,NA,NA,NA,NA,NA,NA
2305-2678,2305-2678,V4210187829,Rwanda journal,African Journals Online,173,2022-02-03,issn
2707-7209,NA,NA,NA,NA,NA,NA,NA
2617-2321,2617-2321,V4210233536,"Rwanda journal of engineering, science, technology and environment",African Journals Online,62,2022-02-03,issn
2617-233X,2617-2321,V4210233536,"Rwanda journal of engineering, science, technology and environment",African Journals Online,62,2022-02-03,issn
2226-728X,2226-728X,V4210199968,Rwanda journal of health sciences,African Journals Online,5,2022-02-03,issn
2616-9819,2616-9819,V4210231349,Rwanda journal of medicine and health sciences,African Journals Online,117,2022-02-03,issn
2616-9827,2616-9819,V4210231349,Rwanda journal of medicine and health sciences,African Journals Online,117,2022-02-03,issn
2708-759X,2708-759X,V4210235324,"Rwanda journal of social sciences, humanities and business",African Journals Online,17,2022-02-03,issn
2708-7603,2708-759X,V4210235324,"Rwanda journal of social sciences, humanities and business",African Journals Online,17,2022-02-03,issn
2410-8626,NA,NA,NA,NA,NA,NA,NA
2312-9239,NA,NA,NA,NA,NA,NA,NA
1027-202X,1027-202X,V2765006744,SA Journal of Radiology,AOSIS,553,2017-10-27,issn
2078-6778,1027-202X,V2765006744,SA Journal of Radiology,AOSIS,553,2017-10-27,issn
1024-9451,1024-9451,V4210169912,Southern African feminist review,African Journals Online,41,2022-02-03,issn
1729-0376,1729-0376,V2738365854,SAHARA-J,Taylor & Francis,48,2017-07-31,issn
1813-4424,1729-0376,V2738365854,SAHARA-J,Taylor & Francis,48,2017-07-31,issn
1117-6210,2756-6803,V4210184677,Sahel Journal of Vetinary Science,"Faculty of Veterinary Medicine, University of Maiduguri",49,2022-02-03,issn
1118-8561,1118-8561,V2764460177,Sahel Medical Journal,Medknow Publications,643,2017-10-27,issn
1596-5414,1596-5414,V4210196838,Samaru Journal of Information Studies,African Journals Online,45,2022-02-03,issn
2276-6839,2276-6839,V4210231435,Savannah Journal of Medical Research and Practice,African Journals Online,0,2022-02-03,issn
1011-6028,NA,NA,NA,NA,NA,NA,NA
1597-6343,1597-6343,V2764739610,Science World Journal,African Journals Online,617,2017-10-27,issn
2226-7522,2226-7522,V2738053363,"Science, Technology and Arts Research Journal",African Journals Online,418,2017-07-31,issn
2305-3372,2226-7522,V2738053363,"Science, Technology and Arts Research Journal",African Journals Online,418,2017-07-31,issn
1812-0741,1812-0741,V4210238411,Sciences & nature,African Journals Online,77,2022-02-03,issn
1118-1931,1118-1931,V4210184046,Scientia Africana,African Journals Online,79,2022-02-03,issn
1022-8136,1022-8136,V4210180131,Militaria,Stellenbosch University - Scientia Militaria,0,2022-02-03,issn
2224-0020,2224-0020,V2764690424,Scientia Militaria: South African Journal of Military Studies,Stellenbosch University - Scientia Militaria,1270,2017-10-27,issn
1110-5607,1110-5607,V4210212511,Scientific Medical Journal. Egypt (Print),African Journals Online,48,2022-02-03,issn
0250-4162,NA,NA,NA,NA,NA,NA,NA
2313-1799,NA,NA,NA,NA,NA,NA,NA
0189-9759,0189-9759,V4210223360,Securities market journal,African Journals Online,9,2022-02-03,issn
1011-582X,1011-582X,V2765033996,Shakespeare in Southern Africa,African Journals Online,340,2017-10-27,issn
2076-6270,2076-6270,V4210232142,Sierra Leone journal of biomedical research,African Journals Online,63,2022-02-03,issn
0379-2897,0379-2897,V2764953651,"Sinet, Ethiopian Journal of Science",African Journals Online,390,2017-10-27,issn
2520-7997,0379-2897,V2764953651,"Sinet, Ethiopian Journal of Science",African Journals Online,390,2017-10-27,issn
2536-7153,2536-7153,V4210183191,Sokoto journal of medical laboratory science,African Journals Online,0,2022-02-03,issn
1595-093X,1595-093X,V2738260659,Sokoto Journal of Veterinary Sciences,African Journals Online,567,2017-07-31,issn
1119-443X,1119-443X,V2764375249,Sophia: An African Journal of Philosophy,African Journals Online,422,2017-10-27,issn
1680-2179,1680-2179,V2764798183,South African Actuarial Journal,African Journals Online,117,2017-10-27,issn
1991-3877,1991-3877,V2764574304,SA crime quarterly,Academy of Science of South Africa,170,2017-10-27,issn
2078-6190,2078-6190,V2764855893,South African Family Practice,AOSIS,4195,2017-10-27,issn
2078-6204,2078-6190,V2764855893,South African Family Practice,AOSIS,4195,2017-10-27,issn
1812-1659,1812-1659,V2764951287,South African Gastroenterology Review,African Journals Online,350,2017-10-27,issn
0379-9069,0379-9069,V1030600052,South African Journal for Research in Sport Physical Education and Recreation,African Journals Online,627,2016-06-24,issn
0257-2117,0257-2117,V2764632042,South African journal of african languages,Taylor & Francis,1185,2017-10-27,issn
2305-1159,0257-2117,V2764632042,South African journal of african languages,Taylor & Francis,1185,2017-10-27,issn
0301-603X,0301-603X,V2764439443,South African Journal of Agricultural Extension,NA,402,2017-10-27,issn
2413-3221,0301-603X,V2764439443,South African Journal of Agricultural Extension,NA,402,2017-10-27,issn
0375-1589,0375-1589,V114429563,South African Journal of Animal Science,African Journals Online,2605,2016-06-24,issn
2221-4062,0375-1589,V114429563,South African Journal of Animal Science,African Journals Online,2605,2016-06-24,issn
1999-7639,1999-7639,V2737275689,South African Journal of Bioethics and Law,South African Medical Association NPC,352,2017-07-31,issn
0254-6299,0254-6299,V31493525,South African Journal of Botany,Elsevier,6881,2016-06-24,issn
0379-4350,0379-4350,V2764769916,South African journal of chemistry,Academy of Science of South Africa,1149,2017-10-27,issn
1994-3032,1994-3032,V2736485139,South African Journal of Child Health,South African Medical Association NPC,625,2017-07-31,issn
1999-7671,1994-3032,V2736485139,South African Journal of Child Health,South African Medical Association NPC,625,2017-07-31,issn
1011-3053,1011-3053,V2764433182,South African Journal of Cultural History,African Journals Online,604,2017-10-27,issn
0256-0100,0256-0100,V154219984,South African Journal of Education,Education Association of South Africa,1417,2016-06-24,issn
2076-3433,0256-0100,V154219984,South African Journal of Education,Education Association of South Africa,1417,2016-06-24,issn
2225-8531,2225-8531,V2764967830,South African Journal of Geomatics,African Journals Online,250,2017-10-27,issn
1011-3487,1011-3487,V2764671384,South African journal of higher education,African Journals Online,2439,2017-10-27,issn
0038-2329,0038-2329,V4210227071,South African journal of obstetrics and gynaecology,South African Medical Association NPC,2,2022-02-03,issn
2305-8862,0038-2329,V4210227071,South African journal of obstetrics and gynaecology,South African Medical Association NPC,2,2022-02-03,issn
0258-0136,0258-0136,V199106067,South African Journal of Philosophy,Taylor & Francis,926,2016-06-24,issn
0257-1862,0257-1862,V2764755494,The South African Journal of Plant and Soil,Taylor & Francis,1605,2017-10-27,issn
2167-034X,0257-1862,V2764755494,The South African Journal of Plant and Soil,Taylor & Francis,1605,2017-10-27,issn
1608-9685,1608-9685,V4210209666,South African journal of psychiatry,AOSIS,27,2022-02-03,issn
2078-6786,1608-9685,V4210209666,South African journal of psychiatry,AOSIS,27,2022-02-03,issn
1015-5163,1015-5163,V2764876291,South African Journal of Sports Medicine,Academy of Science of South Africa,680,2017-10-27,issn
2078-516X,1015-5163,V2764876291,South African Journal of Sports Medicine,Academy of Science of South Africa,680,2017-10-27,issn
0038-2353,0038-2353,V27554591,South African Journal of Science,Academy of Science of South Africa,4542,2016-06-24,issn
1996-7489,0038-2353,V27554591,South African Journal of Science,Academy of Science of South Africa,4542,2016-06-24,issn
0038-2361,0038-2361,V68167138,South African Journal of Surgery,Academy of Science of South Africa,2237,2016-06-24,issn
2078-5151,0038-2361,V68167138,South African Journal of Surgery,Academy of Science of South Africa,2237,2016-06-24,issn
2078-5135,0256-9574,V147026946,South African Medical Journal,South African Medical Association NPC,30461,2016-06-24,issn
0256-95749,0256-9574,V147026946,South African Medical Journal,South African Medical Association NPC,30461,2016-06-24,issn
0258-509X,0258-509X,V4210178470,South African journal of musicology,African Journals Online,48,2022-02-03,issn
2309-4605,NA,NA,NA,NA,NA,NA,NA
2309-4613,NA,NA,NA,NA,NA,NA,NA
1819-3692,1819-3692,V4210229313,"Southern Africa journal of education, science and technology",African Journals Online,33,2022-02-03,issn
1561-896X,NA,NA,NA,NA,NA,NA,NA
1998-8125,1998-8125,V2764696161,Southern African Business Review,UNISA Press,431,2017-10-27,issn
2220-1181,2220-1181,V4210192822,South African journal of anaesthesia and analgesia,Medpharm Publications,4,2022-02-03,issn
2220-1173,2220-1181,V4210192822,South African journal of anaesthesia and analgesia,Medpharm Publications,4,2022-02-03,issn
1562-8264,1562-8264,V2764498849,The Southern African journal of critical care,South African Medical Association NPC,243,2017-10-27,issn
2078-676X,1562-8264,V2764498849,The Southern African journal of critical care,South African Medical Association NPC,243,2017-10-27,issn
1810-0333,1810-0333,V4210213118,"Environmental education, ethics and action in Southern Africa",African Journals Online,0,2022-02-03,issn
2411-5959,0256-7504,V4210201083,Southern African journal of environmental education,NA,5,2022-02-03,issn
1608-9693,1608-9693,V74263619,Southern African Journal of Hiv Medicine,AOSIS,937,2016-06-24,issn
2078-6751,1608-9693,V74263619,Southern African Journal of Hiv Medicine,AOSIS,937,2016-06-24,issn
1607-3614,1607-3614,V27405557,Southern African Linguistics and Applied Language Studies,Taylor & Francis,711,2016-06-24,issn
1727-9461,1607-3614,V27405557,Southern African Linguistics and Applied Language Studies,Taylor & Francis,711,2016-06-24,issn
2070-2620,2070-2620,V4210178797,Southern forests,Taylor & Francis,11,2022-02-03,issn
2070-2639,2070-2620,V4210178797,Southern forests,Taylor & Francis,11,2022-02-03,issn
1027-3417,1027-3417,V4210167496,Stellenbosch papers in linguistics,Stellenbosch University - SPIL,179,2022-02-03,issn
2223-9936,1027-3417,V4210167496,Stellenbosch papers in linguistics,Stellenbosch University - SPIL,179,2022-02-03,issn
2224-3380,1726-541X,V4210212394,SPIL plus,Stellenbosch University - SPILPlus,431,2022-02-03,issn
0855-9449,0855-9449,V4210222866,Studies in Gender and Development in Africa,African Journals Online,15,2022-02-03,issn
0796-5419,0796-5419,V4210239923,Sud-sciences et technologies,NA,13,2022-02-03,issn
1858-5051,1858-5051,V2764864708,Sudan journal of medical sciences,Knowledge E,654,2017-10-27,issn
1815-3941,1815-3941,V4210227002,Sudanese journal of dermatology,African Journals Online,81,2022-02-03,issn
1111-4924,2352-9717,V4210169414,Synthèse,NA,0,2022-02-03,issn
2352-9717,2352-9717,V4210169414,Synthèse,NA,0,2022-02-03,issn
0856-0625,0856-0625,V2764664033,Tanzania Dental Journal,African Journals Online,164,2017-10-27,issn
0856-9622,0856-9622,V4210202850,Tanzania journal of development studies,African Journals Online,30,2022-02-03,issn
2591-6831,0856-9622,V4210202850,Tanzania journal of development studies,African Journals Online,30,2022-02-03,issn
2408-8129,NA,NA,NA,NA,NA,NA,NA
2408-8137,NA,NA,NA,NA,NA,NA,NA
1821-6404,1821-9241,V2764344708,Tanzania journal of health research,NA,639,2017-10-27,issn
1821-9241,1821-9241,V2764344708,Tanzania journal of health research,NA,639,2017-10-27,issn
0856-1761,0856-1761,V4210234216,Tanzania journal of science,African Journals Online,31,2022-02-03,issn
2507-7961,0856-1761,V4210234216,Tanzania journal of science,African Journals Online,31,2022-02-03,issn
0856-0714,0856-0714,V2764639899,Tanzania Medical Journal,African Journals Online,218,2017-10-27,issn
0856-1451,0856-1451,V2764391296,Tanzania Veterinary Journal,African Journals Online,383,2017-10-27,issn
2714-206X,2714-206X,V4210211369,Tanzania Veterinary Journal,NA,0,2022-02-03,issn
1111-0902,1111-0902,V4210212888,Technologies avancées,African Journals Online,33,2022-02-03,issn
0251-043X,0251-043X,V4210172521,Africa thought and practice,African Journals Online,58,2022-02-03,issn
2076-7714,0251-043X,V4210172521,Africa thought and practice,African Journals Online,58,2022-02-03,issn
1012-280X,1012-280X,V4210174106,Stads- en streekbeplanninq,AFRICAN SUN MeDIA,71,2022-02-03,issn
2415-0495,1012-280X,V4210174106,Stads- en streekbeplanninq,AFRICAN SUN MeDIA,71,2022-02-03,issn
0254-2765,0254-2765,V4210170426,Transactions of the Zimbabwe Scientific Association,African Journals Online,37,2022-02-03,issn
0795-0101,0795-0101,V2764379944,Tropical Freshwater Biology,African Journals Online,226,2017-10-27,issn
1117-4153,1117-4153,V2765056459,Tropical Journal of Health Sciences,African Journals Online,406,2017-10-27,issn
1119-0388,1119-0388,V4210209201,Tropical Journal of Medical Research,Medknow Publications,0,2022-02-03,issn
0189-5117,0189-5117,V2764659574,Tropical journal of obstetrics and gynaecology,Medknow Publications,835,2017-10-27,issn
1596-5996,1596-9827,V174262287,Tropical Journal of Pharmaceutical Research,African Journals Online,3160,2016-06-24,issn
1596-9827,1596-9827,V174262287,Tropical Journal of Pharmaceutical Research,African Journals Online,3160,2016-06-24,issn
0794-4845,0794-4845,V4210212074,Tropical Veterinarian (Ibadan),African Journals Online,0,2022-02-03,issn
0041-476X,0041-476X,V175895065,Tydskrif Vir Letterkunde,Academy of Science of South Africa,1368,2016-06-24,issn
2309-9070,0041-476X,V175895065,Tydskrif Vir Letterkunde,Academy of Science of South Africa,1368,2016-06-24,issn
0041-574X,0041-574X,V2764863269,Uganda Journal,African Journals Online,292,2017-10-27,issn
1026-0919,1026-0919,V2764748915,Uganda Journal of Agricultural Sciences,African Journals Online,403,2017-10-27,issn
2410-6909,1026-0919,V2764748915,Uganda Journal of Agricultural Sciences,African Journals Online,403,2017-10-27,issn
1595-1413,1595-1413,V2764731397,UJAH: Unizik Journal of Arts and Humanities,African Journals Online,378,2017-10-27,issn
1021-0873,1021-0873,V2765059969,UNISWA Journal of Agriculture,African Journals Online,155,2017-10-27,issn
1029-9645,1029-9645,V4210184175,"UNISWA research journal of agriculture, science and technology",African Journals Online,135,2022-02-03,issn
0856-1818,0856-1818,V2764475542,University of Dar es Salaam Library journal,African Journals Online,177,2017-10-27,issn
1694-0342,1694-0342,V2764929348,University of Mauritius Research Journal,African Journals Online,271,2017-10-27,issn
1606-7479,1606-7479,V4210178311,Vulture news,African Journals Online,118,2022-02-03,issn
0378-4738,0378-4738,V181252140,Water SA,Academy of Science of South Africa,2384,2016-06-24,issn
0855-4307,0855-4307,V2764462469,West African Journal of Applied Ecology,African Journals Online,395,2017-10-27,issn
1116-5405,NA,NA,NA,NA,NA,NA,NA
0189-160X,0189-160X,V2754473468,West African journal of medicine,African Journals Online,2172,2017-09-25,issn
0303-691X,0303-691X,V2764574657,West African journal of pharmacology and drug research,African Journals Online,429,2017-10-27,issn
1115-3474,1115-3474,V2764406168,West African Journal of Radiology,Medknow Publications,329,2017-10-27,issn
0856-860X,0856-860X,V4210212756,Western Indian Ocean Journal of Marine Science,African Journals Online,9,2022-02-03,issn
1687-8671,1687-8671,V4210239691,Zagazig Journal of Occupational Health and Safety,African Journals Online,13,2022-02-03,issn
0379-0622,0379-0622,V193416847,Zambezia,African Journals Online,402,2016-06-24,issn
0514-6216,NA,NA,NA,NA,NA,NA,NA
1013-3445,1013-3445,V2764370093,Zimbabwe Journal of Educational Research,African Journals Online,554,2017-10-27,issn
2079-8997,2079-8997,V4210207379,Zimbabwe journal of technology sciences,African Journals Online,6,2022-02-03,issn
1016-1503,1016-1503,V4210227125,The Zimbabwe science news,African Journals Online,34,2022-02-03,issn
1016-1511,1016-1511,V2764608211,Zimbabwe veterinary journal,African Journals Online,150,2017-10-27,issn
1596-972X,1596-972X,V4210199217,The Zoologist,African Journals Online,101,2022-02-03,issn
