journal,url,ISSN,eISSN,in_open_alex,open_alex_count,in_crossref,crossref_count
Abia State University Medical Students' Association Journal,https://www.ajol.info/index.php/asumsaj,NA,0794-6961,open_alex,64,crossref,66
Acta Structilia,https://www.ajol.info/index.php/actas,1023-0564,2415-0487,open_alex,243,crossref,95
Acta Theologica,https://www.ajol.info/index.php/actat,1015-8758,2309-9089,open_alex,1085,crossref,898
Africa Development,https://www.ajol.info/index.php/ad,NA,0850-3907,open_alex,554,crossref,278
Africa Insight,https://www.ajol.info/index.php/ai,0256-2804,1995-641X,open_alex,1556,crossref,443
Africa Sanguine,https://www.ajol.info/index.php/asan,1560-8646,NA,open_alex,10,crossref,10
African Anthropologist,https://www.ajol.info/index.php/aa,NA,1024-0969,open_alex,152,crossref,70
African Crop Science Journal,https://www.ajol.info/index.php/acsj,1021-9730,2072-6589,open_alex,1286,crossref,853
African Environment,https://www.ajol.info/index.php/ae,NA,0850-8518,NA,NA,NA,NA
African Health Sciences,https://www.ajol.info/index.php/ahs,NA,1680-6905,open_alex,2364,crossref,1786
African Journal for Physical Activity and Health Sciences,https://www.ajol.info/index.php/ajpherd,2411-6939,NA,open_alex,NA,crossref,73
African Journal of AIDS Research,https://www.ajol.info/index.php/ajar,1727-9445,1608-5906,open_alex,751,crossref,737
African Journal of Anaesthesia and Intensive Care,https://www.ajol.info/index.php/ajaic,0794-2184,0794-2184,open_alex,29,crossref,29
African Journal of Applied Zoology and Environmental Biology,https://www.ajol.info/index.php/ajazeb,NA,1119-023X,open_alex,45,crossref,45
African Journal of Aquatic Science,https://www.ajol.info/index.php/ajas,1608-5914,1727-9364,open_alex,983,crossref,940
African Journal of Biomedical Research,https://www.ajol.info/index.php/ajbr,1119-5096,1119-5096,open_alex,906,crossref,245
African Journal of Biotechnology,https://www.ajol.info/index.php/ajb,NA,1684-5315,open_alex,12970,crossref,6761
African Journal of Chemical Education,https://www.ajol.info/index.php/ajce,2227-5835,NA,NA,NA,NA,NA
African Journal of Clinical and Experimental Microbiology,https://www.ajol.info/index.php/ajcem,NA,1595-689X,open_alex,649,crossref,651
African Journal of Cross-Cultural Psychology and Sport Facilitation,https://www.ajol.info/index.php/ajcpsf,NA,1119-7056,open_alex,54,crossref,54
African Journal of Drug and Alcohol Studies,https://www.ajol.info/index.php/ajdas,1531-4065,1531-4065,open_alex,141,crossref,32
African Journal of Economic Policy,https://www.ajol.info/index.php/ajep,NA,1116-4875,open_alex,105,crossref,80
African Journal of Economic Review,https://www.ajol.info/index.php/ajer,1821-8148,2453-5966,NA,NA,NA,NA
African Journal of Educational Studies in Mathematics and Sciences,https://www.ajol.info/index.php/ajesms,2508-1128,NA,open_alex,169,crossref,45
African Journal of Endocrinology and Metabolism,https://www.ajol.info/index.php/ajem,1116-6495,1116-6495,open_alex,NA,crossref,9
African Journal of Environmental Science and Technology,https://www.ajol.info/index.php/ajest,1996-0786,1996-0786,open_alex,1052,crossref,567
African Journal of Finance and Management,https://www.ajol.info/index.php/ajfm,NA,0856-6372,open_alex,246,crossref,127
African Journal of Food and Nutritional Security,https://www.ajol.info/index.php/fns,NA,1608-1366,open_alex,6,crossref,6
"African Journal of Food, Agriculture, Nutrition and Development",https://www.ajol.info/index.php/ajfand,1684-5358,1684-5374,open_alex,1315,crossref,359
African Journal of Governance and Development,https://www.ajol.info/index.php/ajgd,2218-5615,NA,open_alex,5,crossref,5
African Journal of Health Sciences,https://www.ajol.info/index.php/ajhs,NA,1022-9272,open_alex,588,crossref,125
African Journal of Infectious Diseases,https://www.ajol.info/index.php/ajid,NA,2006-0165,open_alex,212,crossref,209
African Journal of International Affairs,https://www.ajol.info/index.php/ajia,NA,0850-7902,open_alex,85,crossref,60
"African Journal of Library, Archives and Information Science",https://www.ajol.info/index.php/ajlais,NA,0795-4778,NA,NA,NA,NA
African Journal of Livestock Extension,https://www.ajol.info/index.php/ajlex,NA,1596-4019,NA,NA,NA,NA
African Journal of Management Research,https://www.ajol.info/index.php/ajmr,2343-6689,2458-7435,open_alex,NA,crossref,9
African Journal of Marine Science,https://www.ajol.info/index.php/ajms,1814-232X,1814-2338,open_alex,1846,crossref,999
African Journal of Neurological Sciences,https://www.ajol.info/index.php/ajns,1992-2647,1015-8618,open_alex,400,crossref,141
African Journal of Oral Health,https://www.ajol.info/index.php/ajoh,NA,0189-5710,open_alex,59,crossref,59
African Journal of Oral Health Sciences,https://www.ajol.info/index.php/ajohs,NA,1608-7232,open_alex,45,crossref,45
African Journal of Paediatric Nephrology,https://www.ajol.info/index.php/ajpn,2354-4325,NA,NA,NA,NA,NA
African Journal of Paediatric Surgery,https://www.ajol.info/index.php/ajps-n,NA,0189-6725,open_alex,911,crossref,766
African Journal of Physiotherapy and Rehabilitation Sciences,https://www.ajol.info/index.php/ajprs,NA,2141-8322,open_alex,70,crossref,77
African Journal of Political Science,https://www.ajol.info/index.php/ajps,NA,1027-0353,open_alex,128,crossref,63
African Journal of Psychiatry,https://www.ajol.info/index.php/ajpsy,NA,1994-8220,open_alex,NA,crossref,494
African Journal of Range and Forage Science,https://www.ajol.info/index.php/ajrfs,1022-0119,1727-9380,open_alex,1610,crossref,828
African Journal of Reproductive Health,https://www.ajol.info/index.php/ajrh,NA,1118-4841,open_alex,1727,crossref,490
African Journal of Rheumatology,https://www.ajol.info/index.php/ajr,2307-2482,NA,NA,NA,NA,NA
African Journal of Science and Technology,https://www.ajol.info/index.php/ajst,NA,1607-9949,open_alex,220,crossref,152
African Journal of Social Work,https://www.ajol.info/index.php/ajsw,1563-3934,2409-5605,NA,NA,NA,NA
African Journal of Sustainable Development,https://www.ajol.info/index.php/ajsd,2315-6317,NA,NA,NA,NA,NA
"African Journal of Traditional, Complementary and Alternative Medicines",https://www.ajol.info/index.php/ajtcam,NA,0189-6016,open_alex,1630,crossref,1393
African Journal of Tropical Hydrobiology and Fisheries,https://www.ajol.info/index.php/ajthf,NA,0002-0036,open_alex,45,crossref,45
African Journal of Urology,https://www.ajol.info/index.php/aju,NA,1110-5704,open_alex,1163,crossref,869
African Journal on Conflict Resolution,https://www.ajol.info/index.php/ajcr,NA,1562-6997,open_alex,320,crossref,118
African Research Review,https://www.ajol.info/index.php/afrrev,1994-9057,2070-0083,open_alex,1330,crossref,1333
African Review of Economics and Finance,https://www.ajol.info/index.php/aref,2042-1478,NA,NA,NA,NA,NA
African Safety Promotion: A Journal of Injury and Violence Prevention,https://www.ajol.info/index.php/asp,NA,1728-774X,open_alex,305,crossref,119
African Sociological Review / Revue Africaine de Sociologie,https://www.ajol.info/index.php/asr,NA,1027-4332,open_alex,205,crossref,209
African Studies Monographs,https://www.ajol.info/index.php/astumo,NA,1119-7196,open_alex,NA,crossref,5
African Zoology,https://www.ajol.info/index.php/az,1562-7020,2224-073X,open_alex,1462,crossref,903
Afrika Statistika,https://www.ajol.info/index.php/afst,2316-090X,NA,open_alex,36,crossref,222
Afrimedic Journal,https://www.ajol.info/index.php/afrij,2141-162X,NA,NA,NA,NA,NA
Afrique Science: Revue Internationale des Sciences et Technologie,https://www.ajol.info/index.php/afsci,NA,1813-548X,open_alex,128,crossref,128
AFRREV IJAH: An International Journal of Arts and Humanities,https://www.ajol.info/index.php/ijah,2225-8590,2227-5452,open_alex,553,crossref,371
"AFRREV LALIGENS: An International Journal of Language, Literature and Gender Studies",https://www.ajol.info/index.php/laligens,2225-8604,2227-5460,open_alex,227,crossref,137
AFRREV STECH: An International Journal of Science and Technology,https://www.ajol.info/index.php/stech,2225-8612,2227-5444,open_alex,190,crossref,109
Agricultural and Food Science Journal of Ghana,https://www.ajol.info/index.php/afsjg,NA,0855-5591,open_alex,38,crossref,38
Agro-Science,https://www.ajol.info/index.php/as,NA,1119-7455,open_alex,529,crossref,531
Agronomie Africaine,https://www.ajol.info/index.php/aga,NA,1015-2288,open_alex,201,crossref,201
Agrosearch,https://www.ajol.info/index.php/agrosh,NA,1117-9996,open_alex,209,crossref,211
Alexandria Journal of Medicine,https://www.ajol.info/index.php/bafm,1110-0834,2090-2948,NA,NA,NA,NA
AlQalam Journal of Medical and Applied Sciences,https://www.ajol.info/index.php/ajmas,NA,2707-7179,NA,NA,NA,NA
Anatomy Journal of Africa,https://www.ajol.info/index.php/aja,2226-6054,2305-9478,open_alex,NA,crossref,135
Animal Production Research Advances,https://www.ajol.info/index.php/apra,NA,0794-4721,open_alex,345,crossref,209
Animal Research International,https://www.ajol.info/index.php/ari,NA,1597-3115,open_alex,604,crossref,225
Annales Aequatoria,https://www.ajol.info/index.php/aq,NA,0254-4296,open_alex,NA,crossref,107
Annales des Sciences Agronomiques,https://www.ajol.info/index.php/asab,NA,1659-5009,open_alex,108,crossref,109
Annals of African Medicine,https://www.ajol.info/index.php/aam,NA,1596-3519,open_alex,913,crossref,662
Annals of African Surgery,https://www.ajol.info/index.php/aas,1999-9674,2523-0816,open_alex,358,crossref,231
Annals of Biomedical Sciences,https://www.ajol.info/index.php/abs,NA,1596-6569,open_alex,493,crossref,143
Annals of Humanities and Development Studies,https://www.ajol.info/index.php/ahds,2141-4343,NA,NA,NA,NA,NA
Annals of Ibadan Postgraduate Medicine,https://www.ajol.info/index.php/aipm,NA,1597-1627,open_alex,323,crossref,118
Annals of Medical and Health Sciences Research,https://www.ajol.info/index.php/amhsr,2141-9248,NA,open_alex,1365,crossref,626
Annals of Modern Education,https://www.ajol.info/index.php/ame,2141-1263,NA,NA,NA,NA,NA
Annals of Nigerian Medicine,https://www.ajol.info/index.php/anmed,NA,0331-3131,open_alex,170,crossref,128
Annals of Pediatric Surgery,https://www.ajol.info/index.php/aps,1687-4137,1687-4137,open_alex,519,crossref,357
Arab Journal of Nephrology and Transplantation,https://www.ajol.info/index.php/ajnt,1858-554X,1858-554X,open_alex,144,crossref,62
Archives of Ibadan Medicine,https://www.ajol.info/index.php/aim,NA,1467-6958,open_alex,140,crossref,144
Archives of Medical and Biomedical Research,https://www.ajol.info/index.php/ambr,1694-2086,1694-2078,open_alex,30,crossref,31
ATBU Journal of Environmental Technology,https://www.ajol.info/index.php/atbu,1596-6305,NA,NA,NA,NA,NA
Bayero Journal of Medical Laboratory Science,https://www.ajol.info/index.php/bjmls,2545-5672,2635-3792,NA,NA,NA,NA
Bayero Journal of Pure and Applied Sciences,https://www.ajol.info/index.php/bajopas,2006-6996,2006-6996,open_alex,1218,crossref,1173
Benin Journal of Postgraduate Medicine,https://www.ajol.info/index.php/bjpm,0795-0268,0795-0268,open_alex,69,crossref,69
Bio-Research,https://www.ajol.info/index.php/br,1596-7409,2705-3822,open_alex,299,crossref,315
Biokemistri,https://www.ajol.info/index.php/biokem,NA,0795-8080,open_alex,85,crossref,85
Botswana Journal of Economics,https://www.ajol.info/index.php/boje,1810-0163,1810-0163,open_alex,17,crossref,17
Botswana Journal of Technology,https://www.ajol.info/index.php/bjt,NA,1019-1593,open_alex,199,crossref,125
Bowen Journal of Agriculture,https://www.ajol.info/index.php/bja,NA,1597-2836,open_alex,117,crossref,92
Bulletin of Animal Health and Production in Africa,https://www.ajol.info/index.php/bahpa,NA,0378-9721,open_alex,NA,crossref,295
Bulletin of the Chemical Society of Ethiopia,https://www.ajol.info/index.php/bcse,1011-3924,1726-801X,open_alex,1212,crossref,1011
Caliphate Journal of Science and Technology,https://www.ajol.info/index.php/cajost,2705-313X,2705-3121,NA,NA,crossref,14
Cameroon Journal of Agricultural Science,https://www.ajol.info/index.php/cjas,NA,1813-3320,open_alex,36,crossref,36
Cameroon Journal of Experimental Biology,https://www.ajol.info/index.php/cajeb,NA,1816-0573,open_alex,159,crossref,134
Central African Journal of Medicine,https://www.ajol.info/index.php/cajm,NA,0008-9176,open_alex,3918,crossref,233
ChemSearch Journal,https://www.ajol.info/index.php/csj,2276-707X,2384-6028,NA,NA,NA,NA
Clinics in Mother and Child Health,https://www.ajol.info/index.php/cmch,1812-5840,2090-7214,open_alex,7,crossref,224
Communicate: Journal of Library and Information Science,https://www.ajol.info/index.php/cjlis,1115-2664,1115-2664,open_alex,14,crossref,14
Contemporary Journal of African Studies,https://www.ajol.info/index.php/contjas,2343-6530,NA,open_alex,NA,crossref,55
Continuing Medical Education,https://www.ajol.info/index.php/cme,0256-2170,2078-5143,NA,NA,NA,NA
Counsellor (The),https://www.ajol.info/index.php/coun,0189-0263,NA,NA,NA,NA,NA
Creative Artist: A Journal of Theatre and Media Studies,https://www.ajol.info/index.php/cajtms,2006-6910,NA,NA,NA,NA,NA
Critical Arts,https://www.ajol.info/index.php/ca,NA,0256-004,NA,NA,NA,NA
Critical Studies in Teaching and Learning,https://www.ajol.info/index.php/cristal,NA,2310-7103,open_alex,112,crossref,134
Current Writing: Text and Reception in Southern Africa,https://www.ajol.info/index.php/cw,1013-929X,2159-9130,open_alex,599,crossref,762
Dar Es Salaam Medical Students' Journal,https://www.ajol.info/index.php/dmsj,0856-7212,0856-7212,open_alex,67,crossref,68
Democracy & Development: Journal of West African Affairs,https://www.ajol.info/index.php/dad,NA,1465-0142,open_alex,10,crossref,11
Discovery and Innovation,https://www.ajol.info/index.php/dai,NA,1015-079X,open_alex,964,crossref,375
East Africa Science,https://www.ajol.info/index.php/easci,2664-0996,2664-1003,open_alex,33,crossref,61
East African Agricultural and Forestry Journal,https://www.ajol.info/index.php/eaafj,NA,0012-8325,open_alex,1914,crossref,1921
East African Journal of Education and Social Sciences,https://www.ajol.info/index.php/eajess,2714-2183,2714-2132,open_alex,134,crossref,152
East African Journal of Peace and Human Rights,https://www.ajol.info/index.php/eajphr,NA,1021-8858,open_alex,312,crossref,37
East African Journal of Public Health,https://www.ajol.info/index.php/eajph,NA,0856-8960,open_alex,428,crossref,154
East African Journal of Sciences,https://www.ajol.info/index.php/eajsci,NA,1992-0407,open_alex,249,crossref,92
East African Journal of Statistics,https://www.ajol.info/index.php/eajosta,NA,1811-7503,open_alex,28,crossref,29
East African Medical Journal,https://www.ajol.info/index.php/eamj,NA,0012-835X,open_alex,9129,crossref,1308
East African Orthopaedic Journal,https://www.ajol.info/index.php/eaoj,1994-1072,1994-1072,open_alex,197,crossref,48
East and Central African Journal of Pharmaceutical Sciences,https://www.ajol.info/index.php/ecajps,NA,1026-552X,open_alex,NA,crossref,92
East and Central African Journal of Surgery,https://www.ajol.info/index.php/ecajs,NA,2073-9990,open_alex,962,crossref,126
Eastern Africa Journal of Rural Development,https://www.ajol.info/index.php/eajrd,NA,0377-7103,open_alex,212,crossref,38
Eastern Africa Social Science Research Review,https://www.ajol.info/index.php/eassrr,1027-1775,1684-4173,open_alex,386,crossref,217
Ebonyi Medical Journal,https://www.ajol.info/index.php/ebomed,NA,1597-1260,open_alex,159,crossref,127
Edo Journal of Counselling,https://www.ajol.info/index.php/ejc,2006-7593,2006-7593,open_alex,59,crossref,59
Egyptian Journal of Biochemistry and Molecular Biology,https://www.ajol.info/index.php/ejbmb,NA,1687-1502,open_alex,199,crossref,129
Egyptian Journal of Biology,https://www.ajol.info/index.php/ejb,NA,1110-6859,open_alex,212,crossref,37
Egyptian Journal of Biomedical Sciences,https://www.ajol.info/index.php/ejbs2,NA,1110-6379,open_alex,19,crossref,19
Egyptian Journal of Biotechnology,https://www.ajol.info/index.php/ejbiot,NA,1110-6093,open_alex,13,crossref,13
Egyptian Journal of Hospital Medicine,https://www.ajol.info/index.php/ejhm,1687-2002,2090-7125,open_alex,4527,crossref,4597
Egyptian Journal of Medical Human Genetics,https://www.ajol.info/index.php/ejhg,NA,1110-8630,open_alex,754,crossref,493
Egyptian Journal of Medical Laboratory Sciences,https://www.ajol.info/index.php/ejmls,NA,1110-5593,open_alex,NA,crossref,20
Egyptian Journal of Natural History,https://www.ajol.info/index.php/ejnh,NA,1110-6867,open_alex,13,crossref,13
EJOTMAS: Ekpoma Journal of Theatre and Media Arts,https://www.ajol.info/index.php/ejotmas,2006-1838,2449-1179,open_alex,83,crossref,84
English in Africa,https://www.ajol.info/index.php/eia,NA,0376-8902,open_alex,650,crossref,290
Environmental Technology and Science Journal,https://www.ajol.info/index.php/etsj,2006-0459,2705-3636,NA,NA,NA,NA
Equity Journal of Science and Technology,https://www.ajol.info/index.php/equijost,2354-1814,2682-5961,NA,NA,NA,NA
Ergonomics SA,https://www.ajol.info/index.php/esa,1010-2728,NA,open_alex,111,crossref,30
ESARBICA Journal: Journal of the Eastern and Southern Africa Regional Branch of the International Council on Archives,https://www.ajol.info/index.php/esarjo,NA,0376-4753,open_alex,220,crossref,139
Ethiopian Journal of Agricultural Sciences,https://www.ajol.info/index.php/ejas,0257-2605,2415-2382,NA,NA,NA,NA
Ethiopian Journal of Biological Sciences,https://www.ajol.info/index.php/ejbs,NA,1819-8678,open_alex,220,crossref,43
Ethiopian Journal of Business and Economics (The),https://www.ajol.info/index.php/ejbe,2311-9772,2410-2393,open_alex,25,crossref,30
Ethiopian Journal of Development Research,https://www.ajol.info/index.php/ejdr,NA,0378-0813,open_alex,NA,crossref,34
Ethiopian Journal of Economics,https://www.ajol.info/index.php/eje,NA,1993-3681,open_alex,236,crossref,38
Ethiopian Journal of Education and Sciences,https://www.ajol.info/index.php/ejesc,1998-8907,NA,open_alex,202,crossref,77
Ethiopian Journal of Environmental Studies and Management,https://www.ajol.info/index.php/ejesm,NA,1998-0507,open_alex,650,crossref,655
Ethiopian Journal of Health Development,https://www.ajol.info/index.php/ejhd,NA,1021-6790,open_alex,1290,crossref,379
Ethiopian Journal of Health Sciences,https://www.ajol.info/index.php/ejhs,1029-1857,1029-1857,open_alex,1135,crossref,746
Ethiopian Journal of Science and Technology,https://www.ajol.info/index.php/ejst,1816-3378,2312-6019,open_alex,102,crossref,108
Ethiopian Journal of the Social Sciences and Humanities,https://www.ajol.info/index.php/ejossah,1810-4487,2520-582X,open_alex,151,crossref,81
Ethiopian Pharmaceutical Journal,https://www.ajol.info/index.php/epj,NA,1029-5933,open_alex,205,crossref,198
Ethiopian Veterinary Journal,https://www.ajol.info/index.php/evj,1683-6324,2221-5034,open_alex,265,crossref,194
"Filosofia Theoretica: Journal of African Philosophy, Culture and Religions",https://www.ajol.info/index.php/ft,2276-8386,2408-5987,open_alex,157,crossref,165
FUOYE Journal of Engineering and Technology,https://www.ajol.info/index.php/fuoyejet,2579-0625,2579-0617,open_alex,19,crossref,343
FUTY Journal of the Environment,https://www.ajol.info/index.php/fje,1597-8826,1597-8826,open_alex,70,crossref,70
Gender and Behaviour,https://www.ajol.info/index.php/gab,NA,1596-9231,open_alex,1320,crossref,260
Ghana Journal of Agricultural Science,https://www.ajol.info/index.php/gjas,NA,0855-0042,open_alex,581,crossref,432
Ghana Journal of Development Studies,https://www.ajol.info/index.php/gjds,NA,0855-6768,open_alex,299,crossref,283
Ghana Journal of Forestry,https://www.ajol.info/index.php/gjf,NA,0855-1707,open_alex,42,crossref,42
Ghana Journal of Geography,https://www.ajol.info/index.php/gjg,0855-9414,NA,open_alex,47,crossref,48
Ghana Journal of Linguistics,https://www.ajol.info/index.php/gjl,2026-6596,NA,open_alex,66,crossref,74
Ghana Journal of Science,https://www.ajol.info/index.php/gjs,NA,0855-1448,open_alex,NA,crossref,214
Ghana Library Journal,https://www.ajol.info/index.php/glj,NA,0855-3033,open_alex,142,crossref,49
Ghana Medical Journal,https://www.ajol.info/index.php/gmj,0016-9560,NA,open_alex,1,crossref,256
Ghana Mining Journal,https://www.ajol.info/index.php/gm,NA,0855-210X,open_alex,191,crossref,149
Global Approaches to Extension Practice: A Journal of Agricultural Extension,https://www.ajol.info/index.php/gaep,NA,0794-1005,open_alex,207,crossref,151
Global Journal of Agricultural Sciences,https://www.ajol.info/index.php/gjass,NA,1596-2903,open_alex,401,crossref,360
Global Journal of Community Medicine,https://www.ajol.info/index.php/gjcm,1597-9857,1597-9857,open_alex,NA,crossref,11
Global Journal of Educational Research,https://www.ajol.info/index.php/gjedr,NA,1596-6224,open_alex,247,crossref,223
Global Journal of Engineering Research,https://www.ajol.info/index.php/gjer,NA,1596-292X,open_alex,154,crossref,134
Global Journal of Environmental Sciences,https://www.ajol.info/index.php/gjes,NA,1596-6194,open_alex,171,crossref,145
Global Journal of Geological Sciences,https://www.ajol.info/index.php/gjgs,NA,1596-6798,open_alex,268,crossref,238
Global Journal of Humanities,https://www.ajol.info/index.php/gjh,NA,1596-6232,open_alex,50,crossref,51
Global Journal of Mathematical Sciences,https://www.ajol.info/index.php/gjmas,NA,1596-6208,open_alex,152,crossref,145
Global Journal of Medical Sciences,https://www.ajol.info/index.php/gjms,NA,1596-2911,open_alex,111,crossref,98
Global Journal of Pure and Applied Sciences,https://www.ajol.info/index.php/gjpas,NA,1118-0579,open_alex,1576,crossref,1224
Global Journal of Social Sciences,https://www.ajol.info/index.php/gjss,NA,1596-6216,open_alex,301,crossref,203
Haramaya Law Review,https://www.ajol.info/index.php/hlr,2227-2178,2305-3739,NA,NA,NA,NA
Health SA Gesondheid,https://www.ajol.info/index.php/hsa,1025-9848,2071-9736,open_alex,890,crossref,993
Highland Medical Research Journal,https://www.ajol.info/index.php/hmrj,NA,1596-2407,open_alex,351,crossref,128
HTS Teologiese Studies / Theological Studies,https://www.ajol.info/index.php/hts,0259-9422,2072-8050,open_alex,52,crossref,5205
Humanities Review Journal,https://www.ajol.info/index.php/hrj,NA,1596-0749,open_alex,90,crossref,91
Huria: Journal of the Open University of Tanzania,https://www.ajol.info/index.php/huria,NA,0856-6739,open_alex,284,crossref,9
Ibadan Journal of Humanistic Studies,https://www.ajol.info/index.php/ibjhs,2141-9744,NA,NA,NA,NA,NA
Ife Journal of Science,https://www.ajol.info/index.php/ijs,NA,0794-4896,open_alex,738,crossref,405
IFE PsychologIA,https://www.ajol.info/index.php/ifep,NA,1117-1421,open_alex,885,crossref,523
Ilorin Journal of Religious Studies,https://www.ajol.info/index.php/ijrs,2141-7040,NA,open_alex,9,crossref,9
IMTU Medical Journal,https://www.ajol.info/index.php/imj,1821-7613,NA,NA,NA,NA,NA
Indilinga: African Journal of Indigenous Knowledge Systems,https://www.ajol.info/index.php/indilinga,NA,1683-0296,open_alex,413,crossref,105
Indo-Pacific Journal of Phenomenology,https://www.ajol.info/index.php/ipjp,2079-7222,1445-7377,open_alex,8,crossref,340
Information Impact: Journal of Information and Knowledge Management,https://www.ajol.info/index.php/iijikm,2141-4297,2360-994X,open_alex,249,crossref,159
Information Manager (The),https://www.ajol.info/index.php/tim,NA,1596-5422,open_alex,NA,crossref,36
Information Technologist (The),https://www.ajol.info/index.php/ict,NA,1597-4316,open_alex,196,crossref,196
Inkanyiso: Journal of Humanities and Social Sciences,https://www.ajol.info/index.php/ijhss,NA,2077-2815,open_alex,NA,crossref,33
Innovation,https://www.ajol.info/index.php/innovation,NA,1025-8892,open_alex,NA,crossref,138
International Journal of Agriculture and Rural Development,https://www.ajol.info/index.php/ijard,NA,1595-9716,open_alex,223,crossref,195
International Journal of Applied Agriculture and Apiculture Research,https://www.ajol.info/index.php/ijaaar,0331-5428,NA,NA,NA,NA,NA
"International Journal of Basic, Applied and Innovative Research",https://www.ajol.info/index.php/ijbair,2315-5388,2384-681X,NA,NA,NA,NA
International Journal of Biological and Chemical Sciences,https://www.ajol.info/index.php/ijbcs,1991-8631,1997-342X,open_alex,3112,crossref,3091
International Journal of Community Research,https://www.ajol.info/index.php/ijcr,2315-6562,2384-6828,NA,NA,NA,NA
International Journal of Development and Management Review,https://www.ajol.info/index.php/ijdmr,1597-9482,2734-3316,NA,NA,NA,NA
International Journal of Development and Policy Studies,https://www.ajol.info/index.php/qijdps,NA,0795-0632,open_alex,47,crossref,47
International Journal of Educational Research,https://www.ajol.info/index.php/ijer,NA,1595-8485,NA,NA,NA,NA
International Journal of Emotional Psychology and Sport Ethics,https://www.ajol.info/index.php/ijepse,NA,1119-7048,open_alex,36,crossref,36
"International Journal of Engineering, Science and Technology",https://www.ajol.info/index.php/ijest,2141-2820,2141-2839,open_alex,893,crossref,684
International Journal of Health Research,https://www.ajol.info/index.php/ijhr,NA,1596-9819,open_alex,120,crossref,106
International Journal of Herbs and Pharmacological Research,https://www.ajol.info/index.php/ijhpr,2315-537X,2384-6836,NA,NA,NA,NA
International Journal of Malaria and Tropical Diseases (IJMTD),https://www.ajol.info/index.php/ijmtd,NA,1596-3381,open_alex,10,crossref,10
International Journal of Medicine and Biomedical Research,https://www.ajol.info/index.php/ijmbr,2277-0941,2315-5019,open_alex,166,crossref,155
International Journal of Medicine and Health Development,https://www.ajol.info/index.php/jcm,NA,1118-2601,open_alex,565,crossref,45
International Journal of Modern Anthropology,https://www.ajol.info/index.php/ijma,1737-7374,1737-8176,open_alex,95,crossref,102
International Journal of Natural and Applied Sciences,https://www.ajol.info/index.php/ijonas,NA,0794-4713,open_alex,485,crossref,289
"International Journal of Pedagogy, Policy and ICT in Education",https://www.ajol.info/index.php/ijp,2026-6081,NA,NA,NA,NA,NA
International Journal of Tropical Agriculture and Food Systems,https://www.ajol.info/index.php/ijotafs,NA,1597-913X,open_alex,279,crossref,156
Internet Journal of Medical Update - EJOURNAL,https://www.ajol.info/index.php/ijmu,NA,1694-0423,open_alex,NA,crossref,171
Italian Studies in Southern Africa/Studi d'Italianistica nell'Africa Australe,https://www.ajol.info/index.php/issa,1012-2338,2225-7039,open_alex,87,crossref,89
Jarida la Chama cha Lugha na Fasihi ya Kiswahili Tanzania (CHALUFAKITA),https://www.ajol.info/index.php/jclfkt,2665-0789,2591-7013,NA,NA,NA,NA
JASSA: Journal of Applied Science in Southern Africa,https://www.ajol.info/index.php/jassa,NA,1019-7788,open_alex,NA,crossref,92
Jos Journal of Medicine,https://www.ajol.info/index.php/jjm,2006-0734,2006-0734,open_alex,222,crossref,32
Journal de la Recherche Scientifique de l’Université de Lomé,https://www.ajol.info/index.php/jrsul,1727-8651,2413-354X,NA,NA,NA,NA
Journal des Sciences Pour l'Ingénieur,https://www.ajol.info/index.php/jspi,NA,0851-4453,open_alex,86,crossref,87
Journal for Islamic Studies,https://www.ajol.info/index.php/jis,NA,0257-7062,open_alex,NA,crossref,75
Journal for Juridical Science,https://www.ajol.info/index.php/jjs,0258-252X,0258-252X,open_alex,402,crossref,175
Journal for Language Teaching,https://www.ajol.info/index.php/jlt,NA,0259-9570,open_alex,407,crossref,356
Journal for the Study of Religion,https://www.ajol.info/index.php/jsr,NA,1011-7601,open_alex,381,crossref,210
Journal of African Association of Physiological Sciences,https://www.ajol.info/index.php/jaaps,2315-9987,2449-108X,NA,NA,NA,NA
Journal of Agricultural Extension,https://www.ajol.info/index.php/jae,1119-944X,2408-6851,open_alex,NA,crossref,574
Journal of Agricultural Research and Development,https://www.ajol.info/index.php/jard,NA,1596-5511,open_alex,333,crossref,188
Journal of Agriculture and Food Sciences,https://www.ajol.info/index.php/jafs,NA,1597-1074,open_alex,219,crossref,219
Journal of Agriculture and Social Research (JASR),https://www.ajol.info/index.php/jasr,NA,1595-7470,open_alex,NA,crossref,201
"Journal of Agriculture, Forestry and the Social Sciences",https://www.ajol.info/index.php/joafss,NA,1597-0906,open_alex,632,crossref,608
"Journal of Agriculture, Science and Technology",https://www.ajol.info/index.php/jagst,NA,1561-7645,open_alex,NA,crossref,86
Journal of Applied Biosciences,https://www.ajol.info/index.php/jab,NA,1997-5902,open_alex,1272,crossref,1011
Journal of Applied Chemistry and Agricultural Research,https://www.ajol.info/index.php/jacar,NA,1117-2894,open_alex,45,crossref,45
Journal of Applied Science and Technology,https://www.ajol.info/index.php/jast,NA,0855-2215,open_alex,458,crossref,199
"Journal of Applied Science, Engineering and Technology",https://www.ajol.info/index.php/jaset,NA,1596-3233,open_alex,156,crossref,82
Journal of Applied Sciences and Environmental Management,https://www.ajol.info/index.php/jasem,1119-8362,2659-1502,open_alex,2470,crossref,2337
Journal of Aquatic Sciences,https://www.ajol.info/index.php/jas,NA,0189-8779,open_alex,559,crossref,314
Journal of Basic and Clinical Reproductive Sciences,https://www.ajol.info/index.php/jbcrs,2278-960X,2320-2041,open_alex,174,crossref,111
Journal of Biomedical Investigation,https://www.ajol.info/index.php/jbi,NA,1597-0043,open_alex,94,crossref,95
Journal of Building and Land Development,https://www.ajol.info/index.php/jbld,NA,0856-0501,open_alex,14,crossref,14
Journal of Business and Administrative Studies,https://www.ajol.info/index.php/jbas,2077-3420,2077-3420,open_alex,13,crossref,13
Journal of Business Research,https://www.ajol.info/index.php/jbr,NA,0148-2963,open_alex,9390,crossref,9128
Journal of Child and Adolescent Mental Health,https://www.ajol.info/index.php/jcamh,1728-0583,1728-0591,open_alex,493,crossref,390
Journal of Civil Engineering Research and Practice,https://www.ajol.info/index.php/jcerp,NA,1729-5769,open_alex,105,crossref,102
"Journal of Civil Engineering, JKUAT",https://www.ajol.info/index.php/jce,NA,1562-6121,open_alex,20,crossref,20
Journal of Community Medicine and Primary Health Care,https://www.ajol.info/index.php/jcmphc,NA,0794-7410,open_alex,239,crossref,70
Journal of Computer Science and Its Application,https://www.ajol.info/index.php/jcsia,2006-5523,2006-5523,open_alex,94,crossref,95
Journal of Consumer Sciences,https://www.ajol.info/index.php/jfecs,NA,0378-5254,open_alex,NA,crossref,119
Journal of Cultural Studies,https://www.ajol.info/index.php/jcs,NA,1595-0956,open_alex,NA,crossref,114
Journal of Development and Communication Studies,https://www.ajol.info/index.php/jdcs,2305-7432,NA,open_alex,NA,crossref,55
Journal of East African Natural History,https://www.ajol.info/index.php/jeanh,0012-8317,1026-1613,open_alex,336,crossref,66
Journal of Educational Foundations,https://www.ajol.info/index.php/jef,1119-9210,NA,NA,NA,NA,NA
"Journal of Endocrinology, Metabolism and Diabetes of South Africa",https://www.ajol.info/index.php/jemdsa,NA,003-8-2469,NA,NA,NA,NA
Journal of Environmental Extension,https://www.ajol.info/index.php/jext,NA,1595-5125,open_alex,155,crossref,117
Journal of Ethiopian Medical Practice,https://www.ajol.info/index.php/jemp,NA,1560-1560,open_alex,43,crossref,45
Journal of Experimental and Clinical Anatomy,https://www.ajol.info/index.php/jeca,NA,1596-2393,open_alex,323,crossref,213
Journal of Food Technology in Africa,https://www.ajol.info/index.php/jfta,NA,1028-6098,open_alex,NA,crossref,98
Journal of Fundamental and Applied Sciences,https://www.ajol.info/index.php/jfas,NA,1112-9867,open_alex,2799,crossref,1072
Journal of History and Diplomatic Studies,https://www.ajol.info/index.php/jhds,1597-3778,1597-3778,open_alex,38,crossref,38
Journal of Humanities,https://www.ajol.info/index.php/jh,NA,1016-0728,open_alex,32,crossref,32
"Journal of Language, Technology & Entrepreneurship in Africa",https://www.ajol.info/index.php/jolte,NA,1998-1279,open_alex,218,crossref,94
Journal of Librarianship and Information Science in Africa,https://www.ajol.info/index.php/jlisa,NA,1595-8922,open_alex,8,crossref,8
Journal of Medical and Biomedical Sciences,https://www.ajol.info/index.php/jmbs,2026-6294,NA,open_alex,72,crossref,74
Journal of Medical Laboratory Science,https://www.ajol.info/index.php/jmls,NA,1116-1043,open_alex,150,crossref,112
Journal of Medicine and Biomedical Research,https://www.ajol.info/index.php/jmbr,NA,1596-6941,open_alex,251,crossref,89
Journal of Medicine and Medical Sciences,https://www.ajol.info/index.php/jmms,NA,1119-3999,open_alex,9,crossref,9
Journal of Medicine in the Tropics,https://www.ajol.info/index.php/jmt,NA,2276-7096,open_alex,391,crossref,336
Journal of Meteorology and Climate Science,https://www.ajol.info/index.php/jmcs,2006-7003,NA,NA,NA,NA,NA
Journal of Mining and Geology,https://www.ajol.info/index.php/jmg,NA,1116-2775,open_alex,154,crossref,132
"Journal of Modeling, Design and Management of Engineering Systems",https://www.ajol.info/index.php/jmdmes,NA,1596-3497,open_alex,34,crossref,34
Journal of Obstetrics and Gynaecology of Eastern and Central Africa,https://www.ajol.info/index.php/jogeca,1012-8867,NA,NA,NA,NA,NA
Journal of Pharmaceutical and Allied Sciences,https://www.ajol.info/index.php/jophas,NA,1596-8499,open_alex,345,crossref,133
Journal of Pharmacy & Bioresources,https://www.ajol.info/index.php/jpb,NA,0189-8442,open_alex,370,crossref,371
Journal of Philosophy and Culture,https://www.ajol.info/index.php/jpc,NA,0855-6660,open_alex,5,crossref,34
Journal of Phytomedicine and Therapeutics,https://www.ajol.info/index.php/jopat,NA,1118-1028,open_alex,54,crossref,56
Journal of Psychology in Africa,https://www.ajol.info/index.php/jpa,NA,1433-0237,open_alex,1507,crossref,1411
Journal of Religion and Human Relations,https://www.ajol.info/index.php/jrhr,2006-5442,NA,open_alex,181,crossref,16
"Journal of Research in Forestry, Wildlife and Environment",https://www.ajol.info/index.php/jrfwe,2141-1778,NA,NA,NA,NA,NA
Journal of Research in National Development,https://www.ajol.info/index.php/jorind,NA,1596-8308,open_alex,569,crossref,228
Journal of Science and Sustainable Development,https://www.ajol.info/index.php/jssd,2070-1748,2070-1748,open_alex,61,crossref,64
Journal of Science and Technology (Ghana),https://www.ajol.info/index.php/just,NA,0855-0395,open_alex,510,crossref,513
Journal of Science and Technology (Zambia),https://www.ajol.info/index.php/jost,NA,1027-4928,open_alex,41,crossref,41
Journal of Social Development in Africa,https://www.ajol.info/index.php/jsda,NA,1012-1080,open_alex,481,crossref,127
Journal of Sociology and Development,https://www.ajol.info/index.php/jsd,2507-7783,2591-6955,NA,NA,NA,NA
Journal of Student Affairs in Africa,https://www.ajol.info/index.php/jssa,NA,2307-6267,open_alex,252,crossref,211
Journal of Surgical Technique and Case Report,https://www.ajol.info/index.php/jstcr,2006-8808,2006-8808,open_alex,184,crossref,164
Journal of Sustainable Development Law and Policy (The),https://www.ajol.info/index.php/jsdlp,2467-8406,2467-8392,open_alex,65,crossref,132
Journal of Technology and Education in Nigeria,https://www.ajol.info/index.php/joten,NA,1118-5570,open_alex,183,crossref,123
Journal of the Association of Nigerian Musicologists,https://www.ajol.info/index.php/janm,NA,1597-0597,NA,NA,NA,NA
Journal of the Cameroon Academy of Sciences,https://www.ajol.info/index.php/jcas,2617-3948,NA,open_alex,6,crossref,63
Journal of the Eritrean Medical Association,https://www.ajol.info/index.php/jema,1998-6017,1998-6017,open_alex,61,crossref,61
Journal of the Ghana Science Association,https://www.ajol.info/index.php/jgsa,NA,0855-3823,open_alex,546,crossref,309
Journal of the Musical Arts in Africa,https://www.ajol.info/index.php/jmaa,1812-1004,2070-626X,open_alex,239,crossref,225
Journal of the Nigerian Association of Mathematical Physics,https://www.ajol.info/index.php/jonamp,NA,1116-4336,open_alex,951,crossref,355
Journal of the Nigerian Infection Control Association,https://www.ajol.info/index.php/jnica,NA,1119-1716,open_alex,19,crossref,19
Journal of the Nigerian Optometric Association,https://www.ajol.info/index.php/jnoa,0795-0039,0795-0039,open_alex,67,crossref,75
Journal of the Obafemi Awolowo University Medical Student's Association (IFEMED),https://www.ajol.info/index.php/ifemed,NA,0331-3727,open_alex,40,crossref,45
Journal of the South African Society of Archivists,https://www.ajol.info/index.php/jsasa,1012-2796,NA,open_alex,17,crossref,17
Journal of Tropical Microbiology and Biotechnology,https://www.ajol.info/index.php/jtmb,NA,1607-4106,open_alex,68,crossref,68
Journal Tunisien d'ORL et de Chirurgie Cervico-Faciale,https://www.ajol.info/index.php/jtdorl,NA,1737-7803,open_alex,126,crossref,128
Kanem Journal of Medical Sciences,https://www.ajol.info/index.php/kjms,2006-4772,2714-2426,open_alex,45,crossref,59
KCA Journal of Business Management,https://www.ajol.info/index.php/kjbm,2072-7992,2071-2162,open_alex,NA,crossref,24
Kenya Veterinarian,https://www.ajol.info/index.php/kenvet,NA,0256-5161,open_alex,267,crossref,135
Kioo cha Lugha,https://www.ajol.info/index.php/kcl,0856-552X,0856-552X,open_alex,23,crossref,23
Kiswahili,https://www.ajol.info/index.php/ksh,NA,0023-1886,open_alex,9,crossref,11
Lagos Historical Review,https://www.ajol.info/index.php/lhr,NA,1596-5031,open_alex,182,crossref,145
Lagos Journal of Library and Information Science,https://www.ajol.info/index.php/ljlis,NA,1596-9487,open_alex,56,crossref,56
Lagos Notes and Records,https://www.ajol.info/index.php/lnr,0075-7640,0075-7640,open_alex,55,crossref,56
"Law, Democracy & Development",https://www.ajol.info/index.php/ldd,2077-4907,2077-4907,open_alex,364,crossref,173
LBS Management Review,https://www.ajol.info/index.php/lbsmr,NA,1118-3713,open_alex,48,crossref,48
Legon Journal of the Humanities,https://www.ajol.info/index.php/ljh,0855-1502,2458-746X,open_alex,271,crossref,100
les cahiers du cread,https://www.ajol.info/index.php/cread,2437-0568,1012-0009,NA,NA,NA,NA
Lexikos,https://www.ajol.info/index.php/lex,1684-4904,2224-0039,open_alex,1093,crossref,343
Libyan Journal of Medicine,https://www.ajol.info/index.php/ljm,1993-2820,1819-6357,open_alex,541,crossref,621
Lwati: A Journal of Contemporary Research,https://www.ajol.info/index.php/lwati,NA,1813-2227,open_alex,803,crossref,307
Madagascar Conservation & Development,https://www.ajol.info/index.php/mcd,NA,1662-2510,open_alex,236,crossref,180
Makerere Journal of Higher Education,https://www.ajol.info/index.php/majohe,1816-6822,2707-6113,open_alex,162,crossref,167
Malawi Journal of Science and Technology,https://www.ajol.info/index.php/mjst,NA,1019-7079,open_alex,12,crossref,12
Malawi Medical Journal,https://www.ajol.info/index.php/mmj,1995-7262,1995-7262,open_alex,13,crossref,579
Management & Economics Research Journal,https://www.ajol.info/index.php/merj,2676-184X,2710-8856,open_alex,NA,crossref,93
Marang: Journal of Language and Literature,https://www.ajol.info/index.php/marang,NA,1816-7659,open_alex,190,crossref,58
Mary Slessor Journal of Medicine,https://www.ajol.info/index.php/msjm,1119-409X,1119-409X,open_alex,225,crossref,109
Mathematics Connection,https://www.ajol.info/index.php/mc,NA,0855-4706,open_alex,65,crossref,65
Medical Journal of Zambia,https://www.ajol.info/index.php/mjz,0047-651X,0047-651X,open_alex,855,crossref,33
Mgbakoigba: Journal of African Studies,https://www.ajol.info/index.php/mjas,2346-7126,NA,NA,NA,NA,NA
Microbes and Infectious Diseases,https://www.ajol.info/index.php/mid,2682-4132,2682-4140,open_alex,189,crossref,205
Mizan Law Review,https://www.ajol.info/index.php/mlr,1998-9881,2309-902X,open_alex,215,crossref,192
Momona Ethiopian Journal of Science,https://www.ajol.info/index.php/mejs,2073-073X,2220-184X,open_alex,211,crossref,212
Moor Journal of Agricultural Research,https://www.ajol.info/index.php/mjar,NA,1595-4153,open_alex,165,crossref,105
Mtafiti Mwafrika (African Researcher),https://www.ajol.info/index.php/mtafiti,NA,1607-0011,open_alex,19,crossref,19
New Agenda: South African Journal of Social and Economic Policy,https://www.ajol.info/index.php/na,1607-2820,1607-2820,NA,NA,NA,NA
New Egyptian Journal of Microbiology,https://www.ajol.info/index.php/nejmi,NA,1687-1219,open_alex,NA,crossref,24
Nigeria Agricultural Journal,https://www.ajol.info/index.php/naj,NA,0300-368X,open_alex,749,crossref,237
Nigeria Journal of Business Administration,https://www.ajol.info/index.php/njbm,NA,0794-067X,open_alex,15,crossref,15
Nigeria Journal of Pure and Applied Physics,https://www.ajol.info/index.php/njpap,NA,1596-0862,open_alex,NA,crossref,61
Nigerian Dental Journal,https://www.ajol.info/index.php/ndj,NA,0189-1006,open_alex,157,crossref,67
Nigerian Endocrine Practice,https://www.ajol.info/index.php/nep,2251-0362,NA,NA,NA,NA,NA
Nigerian Food Journal,https://www.ajol.info/index.php/nifoj,NA,0189-7241,open_alex,548,crossref,428
Nigerian Health Journal,https://www.ajol.info/index.php/nhj,1597-4292,NA,NA,NA,NA,NA
Nigerian Hospital Practice,https://www.ajol.info/index.php/nhp,NA,1597-7889,open_alex,935,crossref,116
Nigerian Journal of Animal Production,https://www.ajol.info/index.php/njap,NA,0331-2062,open_alex,2234,crossref,2226
Nigerian Journal of Animal Science,https://www.ajol.info/index.php/tjas,NA,1119-4308,open_alex,799,crossref,267
Nigerian Journal of Basic and Applied Sciences,https://www.ajol.info/index.php/njbas,0794-5698,NA,open_alex,439,crossref,328
Nigerian Journal of Biotechnology,https://www.ajol.info/index.php/njb,0189-1731,NA,open_alex,370,crossref,236
Nigerian Journal of Chemical Research,https://www.ajol.info/index.php/njcr,NA,1119-0221,open_alex,186,crossref,84
Nigerian Journal of Clinical and Counselling Psychology,https://www.ajol.info/index.php/njccp,NA,1118-4035,open_alex,28,crossref,28
Nigerian Journal of Clinical Medicine,https://www.ajol.info/index.php/njcm,2141-1123,2141-1123,open_alex,78,crossref,78
Nigerian Journal of Clinical Practice,https://www.ajol.info/index.php/njcp,NA,1119-3077,open_alex,2848,crossref,1526
Nigerian Journal of Dental Research,https://www.ajol.info/index.php/njdr,2636-4956,2714-4089,open_alex,1,crossref,23
Nigerian Journal of Family Practice,https://www.ajol.info/index.php/njfp,2141-9884,NA,NA,NA,NA,NA
Nigerian Journal of Fisheries,https://www.ajol.info/index.php/njf,NA,1597-443X,open_alex,31,crossref,31
Nigerian Journal of Gastroenterology and Hepatology,https://www.ajol.info/index.php/njgh,2251-0079,NA,open_alex,23,crossref,23
Nigerian Journal of General Practice,https://www.ajol.info/index.php/njgp,1118-4647,1118-4647,open_alex,NA,crossref,101
Nigerian Journal of Genetics,https://www.ajol.info/index.php/njg,NA,0189-9686,open_alex,62,crossref,62
Nigerian Journal of Guidance and Counselling,https://www.ajol.info/index.php/njgc,NA,0794-0831,open_alex,241,crossref,183
Nigerian Journal of Health and Biomedical Sciences,https://www.ajol.info/index.php/njhbs,NA,1595-8272,open_alex,263,crossref,252
Nigerian Journal of Horticultural Science,https://www.ajol.info/index.php/njhs,NA,1118-2733,open_alex,149,crossref,106
Nigerian Journal of Medicine,https://www.ajol.info/index.php/njm,1115-2613,2667-0526,open_alex,970,crossref,895
Nigerian Journal of Natural Products and Medicine,https://www.ajol.info/index.php/njnpm,NA,1118-6267,open_alex,359,crossref,338
Nigerian Journal of Nutritional Sciences,https://www.ajol.info/index.php/njns,0189-0913,0189-0913,open_alex,NA,crossref,57
Nigerian Journal of Ophthalmology,https://www.ajol.info/index.php/njo,0189-9171,2468-8363,open_alex,366,crossref,341
Nigerian Journal of Orthopaedics and Trauma,https://www.ajol.info/index.php/njotra,NA,1596-4582,open_alex,300,crossref,231
Nigerian Journal of Paediatrics,https://www.ajol.info/index.php/njp,NA,0302-4660,open_alex,622,crossref,520
Nigerian Journal of Parasitology,https://www.ajol.info/index.php/njpar,NA,1117-4145,open_alex,716,crossref,491
Nigerian Journal of Pharmaceutical Research,https://www.ajol.info/index.php/njpr,NA,0189-8434,open_alex,NA,crossref,102
Nigerian Journal of Physics,https://www.ajol.info/index.php/njphy,NA,1595-0611,open_alex,232,crossref,197
Nigerian Journal of Physiological Sciences,https://www.ajol.info/index.php/njps,NA,0794-859X,open_alex,486,crossref,134
Nigerian Journal of Plastic Surgery,https://www.ajol.info/index.php/njpsur,NA,0794-9316,open_alex,182,crossref,132
Nigerian Journal of Postgraduate Medicine,https://www.ajol.info/index.php/njpm,NA,2006-8530,open_alex,15,crossref,15
Nigerian Journal of Psychiatry,https://www.ajol.info/index.php/njpsyc,NA,0189-1774,open_alex,160,crossref,86
Nigerian Journal of Soil and Environmental Research,https://www.ajol.info/index.php/njser,NA,1595-6121,open_alex,44,crossref,44
Nigerian Journal of Surgery,https://www.ajol.info/index.php/njs,1117-6806,1117-6806,open_alex,280,crossref,224
Nigerian Journal of Surgical Research,https://www.ajol.info/index.php/njsr,NA,1595-1103,open_alex,267,crossref,268
Nigerian Journal of Surgical Sciences,https://www.ajol.info/index.php/njssci,NA,1116-5898,open_alex,143,crossref,110
Nigerian Journal of Technological Development,https://www.ajol.info/index.php/njtd,0189-9546,2437-2110,open_alex,207,crossref,159
Nigerian Journal of Technological Research,https://www.ajol.info/index.php/njtr,0795-5111,NA,open_alex,337,crossref,339
Nigerian Journal of Technology,https://www.ajol.info/index.php/njt,0331-8443,2467-8821,open_alex,1493,crossref,1017
Nigerian Libraries,https://www.ajol.info/index.php/jnla,NA,0029-0122,open_alex,33,crossref,33
Nigerian Medical Journal,https://www.ajol.info/index.php/nmj,0300-1652,2229-774X,open_alex,525,crossref,621
Nigerian Medical Practitioner,https://www.ajol.info/index.php/nmp,NA,0189-0964,open_alex,544,crossref,337
Nigerian Music Review,https://www.ajol.info/index.php/nmr,NA,1116-428X,open_alex,24,crossref,24
Nigerian Quarterly Journal of Hospital Medicine,https://www.ajol.info/index.php/nqjhm,NA,0189-2657,open_alex,983,crossref,562
Nigerian School Library Journal,https://www.ajol.info/index.php/nslj,0331-8214,NA,NA,NA,NA,NA
Nigerian Veterinary Journal,https://www.ajol.info/index.php/nvj,NA,0331-3026,open_alex,664,crossref,364
Nnamdi Azikiwe University Journal of International Law and Jurisprudence,https://www.ajol.info/index.php/naujilj,2276-7371,NA,NA,NA,NA,NA
Obstetrics and Gynaecology Forum,https://www.ajol.info/index.php/ogf,NA,1027-9148,open_alex,562,crossref,145
OGIRISI: a New Journal of African Studies,https://www.ajol.info/index.php/og,NA,1597-474X,open_alex,159,crossref,161
Open Veterinary Journal,https://www.ajol.info/index.php/ovj,2226-4485,2218-6050,open_alex,533,crossref,401
Orapuh Journal,https://www.ajol.info/index.php/orapj,NA,2644-3740,NA,NA,NA,NA
Orient Journal of Medicine,https://www.ajol.info/index.php/ojm,NA,1115-0521,open_alex,306,crossref,102
ORiON,https://www.ajol.info/index.php/orion,NA,0529-191-X,NA,NA,NA,NA
Oromia Law Journal,https://www.ajol.info/index.php/olj,2304-8239,NA,NA,NA,NA,NA
Ostrich: Journal of African Ornithology,https://www.ajol.info/index.php/ostrich,0030-6525,1727-947X,open_alex,2809,crossref,4110
OYE: Ogun Journal of Arts,https://www.ajol.info/index.php/oye,NA,0795-9478,open_alex,19,crossref,19
Pan African Medical Journal,https://www.ajol.info/index.php/pamj,NA,1937-8688,open_alex,10002,crossref,8193
Perspectives in Education,https://www.ajol.info/index.php/pie,0258-2236,NA,open_alex,1050,crossref,267
Philosophical Papers,https://www.ajol.info/index.php/pp,NA,0556-8641,open_alex,725,crossref,886
Plant Products Research Journal,https://www.ajol.info/index.php/pprj,NA,1119-2283,open_alex,56,crossref,56
Port Harcourt Medical Journal,https://www.ajol.info/index.php/phmedj,NA,0795-3038,open_alex,518,crossref,370
Potchefstroom Electronic Law Journal/Potchefstroomse Elektroniese Regsblad,https://www.ajol.info/index.php/pelj,NA,1727-3781,open_alex,997,crossref,1378
Quaestiones Mathematicae,https://www.ajol.info/index.php/qm,1607-3606,1727-933X,open_alex,2062,crossref,2226
Regional Maritime University Journal,https://www.ajol.info/index.php/rmuj,2026-6324,2026-6324,NA,NA,NA,NA
Research in Hospitality Management,https://www.ajol.info/index.php/rhm,2224-3534,2415-5152,open_alex,217,crossref,248
Research Journal of Health Sciences,https://www.ajol.info/index.php/rejhs,2360-7793,2467-8252,open_alex,280,crossref,181
Research Review of the Institute of African Studies,https://www.ajol.info/index.php/rrias,0855-4412,0855-4412,open_alex,156,crossref,151
Review of Southern African Studies,https://www.ajol.info/index.php/rosas,NA,1024-4190,open_alex,51,crossref,52
Revue Africaine de Chirurgie et Spécialités,https://www.ajol.info/index.php/racs,1997-3756,1997-3756,open_alex,37,crossref,37
Revue Burkinabè de droit,https://www.ajol.info/index.php/rbd,NA,0773-8439,open_alex,22,crossref,22
Revue d'Information Scientifique et Technique,https://www.ajol.info/index.php/rist,NA,1111-0015,open_alex,74,crossref,74
Revue de Médecine et de Pharmacie,https://www.ajol.info/index.php/rmp,2226-2903,2410-8936,NA,NA,NA,NA
Rwanda Journal,https://www.ajol.info/index.php/rj,2305-2678,NA,open_alex,173,crossref,219
Rwanda Journal of Agricultural Sciences,https://www.ajol.info/index.php/rjeas,NA,2707-7209,NA,NA,NA,NA
"Rwanda Journal of Engineering, Science, Technology and Environment",https://www.ajol.info/index.php/rjeste,2617-2321,2617-233X,open_alex,62,crossref,62
Rwanda Journal of Health Sciences,https://www.ajol.info/index.php/rjhs,2226-728X,NA,open_alex,5,crossref,5
Rwanda Journal of Medicine and Health Sciences,https://www.ajol.info/index.php/rjmhs,2616-9819,2616-9827,open_alex,117,crossref,123
"Rwanda Journal of Social Sciences, Humanities and Business",https://www.ajol.info/index.php/rjsshb,2708-759X,2708-7603,open_alex,17,crossref,18
Rwanda Medical Journal,https://www.ajol.info/index.php/rmj,NA,2410-8626,NA,NA,NA,NA
Rwandan Journal of Education,https://www.ajol.info/index.php/rje,NA,2312-9239,NA,NA,NA,NA
SA Journal of Radiology,https://www.ajol.info/index.php/sajr,1027-202X,2078-6778,open_alex,545,crossref,1112
SAFERE: Southern African Feminist Review,https://www.ajol.info/index.php/safere,NA,1024-9451,open_alex,41,crossref,43
SAHARA-J: Journal of Social Aspects of HIV/AIDS,https://www.ajol.info/index.php/saharaj,1729-0376,1813-4424,open_alex,48,crossref,387
Sahel Journal of Veterinary Sciences,https://www.ajol.info/index.php/sjvs,1117-6210,NA,open_alex,49,crossref,49
Sahel Medical Journal,https://www.ajol.info/index.php/smj2,NA,1118-8561,open_alex,643,crossref,564
Samaru Journal of Information Studies,https://www.ajol.info/index.php/sjis,NA,1596-5414,open_alex,45,crossref,45
Savannah Journal of Medical Research and Practice,https://www.ajol.info/index.php/sjmrp,2276-6839,NA,open_alex,NA,crossref,53
"Science et Technique, Sciences de la Santé",https://www.ajol.info/index.php/stss,1011-6028,NA,NA,NA,NA,NA
Science World Journal,https://www.ajol.info/index.php/swj,NA,1597-6343,open_alex,617,crossref,141
"Science, Technology and Arts Research Journal",https://www.ajol.info/index.php/star,2226-7522,2305-3372,open_alex,418,crossref,417
Sciences & Nature,https://www.ajol.info/index.php/scinat,NA,1812-0741,open_alex,77,crossref,78
Scientia Africana,https://www.ajol.info/index.php/sa,1118-1931,1118-1931,open_alex,59,crossref,80
Scientia Militaria: South African Journal of Military Studies,https://www.ajol.info/index.php/smsajms,1022-8136,2224-0020,open_alex,1269,crossref,1145
Scientific Medical Journal,https://www.ajol.info/index.php/smedj,NA,1110-5607,open_alex,48,crossref,52
Scopus: Journal of East African Ornithology,https://www.ajol.info/index.php/scopus,0250-4162,2313-1799,NA,NA,NA,NA
Securities Market Journal,https://www.ajol.info/index.php/smj,NA,0189-9759,open_alex,9,crossref,9
Shakespeare in Southern Africa,https://www.ajol.info/index.php/sisa,NA,1011-582X,open_alex,340,crossref,157
Sierra Leone Journal of Biomedical Research,https://www.ajol.info/index.php/sljbr,2076-6270,2076-6270,open_alex,63,crossref,63
SINET: Ethiopian Journal of Science,https://www.ajol.info/index.php/sinet,0379-2897,2520-7997,open_alex,390,crossref,277
Sokoto Journal of Medical Laboratory Science,https://www.ajol.info/index.php/sokjmls,2536-7153,NA,open_alex,NA,crossref,15
Sokoto Journal of Veterinary Sciences,https://www.ajol.info/index.php/sokjvs,1595-093X,1595-093X,open_alex,556,crossref,360
Sophia: An African Journal of Philosophy,https://www.ajol.info/index.php/sophia,NA,1119-443X,open_alex,422,crossref,240
South African Actuarial Journal,https://www.ajol.info/index.php/saaj,NA,1680-2179,open_alex,117,crossref,98
South African Crime Quarterly,https://www.ajol.info/index.php/sacq,1991-3877,NA,open_alex,384,crossref,480
South African Family Practice,https://www.ajol.info/index.php/safp,2078-6190,2078-6204,open_alex,4195,crossref,2262
South African Gastroenterology Review,https://www.ajol.info/index.php/sagr,NA,1812-1659,open_alex,350,crossref,69
"South African Journal for Research in Sport, Physical Education and Recreation",https://www.ajol.info/index.php/sajrs,0379-9069,NA,open_alex,627,crossref,243
South African Journal of African Languages,https://www.ajol.info/index.php/sajal,0257-2117,2305-1159,open_alex,1185,crossref,1396
South African Journal of Agricultural Extension,https://www.ajol.info/index.php/sajae,0301-603X,2413-3221,open_alex,402,crossref,187
South African Journal of Animal Science,https://www.ajol.info/index.php/sajas,0375-1589,2221-4062,open_alex,2605,crossref,1496
South African Journal of Bioethics and Law,https://www.ajol.info/index.php/sajbl,NA,1999-7639,open_alex,344,crossref,269
South African Journal of Botany,https://www.ajol.info/index.php/sajb,NA,0254-6299,open_alex,6845,crossref,7180
South African Journal of Chemistry,https://www.ajol.info/index.php/sajc,NA,0379-4350,open_alex,1149,crossref,140
South African Journal of Child Health,https://www.ajol.info/index.php/sajchh,1994-3032,1999-7671,open_alex,625,crossref,402
South African Journal of Clinical Nutrition,https://www.ajol.info/index.php/sajcn,2078-6190,2078-6204,open_alex,4195,crossref,2262
South African Journal of Cultural History,https://www.ajol.info/index.php/sajch,NA,1011-3053,open_alex,604,crossref,104
South African Journal of Education,https://www.ajol.info/index.php/saje,0256-0100,2076-3433,open_alex,1408,crossref,831
South African Journal of Geomatics,https://www.ajol.info/index.php/sajg,NA,2225-8531,open_alex,250,crossref,141
South African Journal of Higher Education,https://www.ajol.info/index.php/sajhe,NA,1011-3487,open_alex,2439,crossref,777
South African Journal of Obstetrics and Gynaecology,https://www.ajol.info/index.php/sajog,0038-2329,2305-8862,open_alex,2,crossref,257
South African Journal of Philosophy,https://www.ajol.info/index.php/sajpem,NA,0258-0136,open_alex,926,crossref,829
South African Journal of Plant and Soil,https://www.ajol.info/index.php/sajps,0257-1862,2167-034X,open_alex,1605,crossref,1551
South African Journal of Psychiatry,https://www.ajol.info/index.php/sajpsyc,1608-9685,2078-6786,open_alex,15,crossref,618
South African Journal of Science,https://www.ajol.info/index.php/sajsci,0038-2353,1996-7489,open_alex,4542,crossref,1709
South African Journal of Sports Medicine,https://www.ajol.info/index.php/sasma,1015-5163,2078-516X,open_alex,680,crossref,826
South African Journal of Surgery,https://www.ajol.info/index.php/sajs,0038-2361,2078-5151,open_alex,2237,crossref,336
South African Medical Journal,https://www.ajol.info/index.php/samj,2078-5135,0256-95749,open_alex,30424,crossref,4128
South African Music Studies,https://www.ajol.info/index.php/samus,NA,0258-509X,open_alex,48,crossref,52
South Sudan Medical Journal,https://www.ajol.info/index.php/ssmj,2309-4605,2309-4613,NA,NA,crossref,8
"Southern Africa Journal of Education, Science and Technology",https://www.ajol.info/index.php/sajest,NA,1819-3692,open_alex,33,crossref,43
Southern African Business Review,https://www.ajol.info/index.php/sabr,1561-896X,1998-8125,open_alex,431,crossref,123
Southern African Journal of Anaesthesia and Analgesia,https://www.ajol.info/index.php/sajaa,2220-1181,2220-1173,open_alex,4,crossref,1047
Southern African Journal of Critical Care,https://www.ajol.info/index.php/sajcc,1562-8264,2078-676X,open_alex,243,crossref,157
Southern African Journal of Environmental Education,https://www.ajol.info/index.php/sajee,1810-0333,2411-5959,open_alex,2,crossref,53
Southern African Journal of HIV Medicine,https://www.ajol.info/index.php/sajhivm,1608-9693,2078-6751,open_alex,931,crossref,728
Southern African Linguistics and Applied Language Studies,https://www.ajol.info/index.php/salas,1607-3614,1727-9461,open_alex,711,crossref,694
Southern Forests: a Journal of Forest Science,https://www.ajol.info/index.php/sfjfs,2070-2620,2070-2639,open_alex,5,crossref,487
Stellenbosch Papers in Linguistics,https://www.ajol.info/index.php/spl,1027-3417,2223-9936,open_alex,179,crossref,196
Stellenbosch Papers in Linguistics Plus,https://www.ajol.info/index.php/splp,NA,2224-3380,open_alex,431,crossref,447
Studies in Gender and Development in Africa,https://www.ajol.info/index.php/sigada,NA,0855-9449,open_alex,15,crossref,15
Sud Sciences et Technologies,https://www.ajol.info/index.php/sset,NA,0796-5419,open_alex,13,crossref,13
Sudan Journal of Medical Sciences,https://www.ajol.info/index.php/sjms,NA,1858-5051,open_alex,654,crossref,469
Sudanese Journal of Dermatology,https://www.ajol.info/index.php/sjd,NA,1815-3941,open_alex,81,crossref,82
Synthèse: Revue des Sciences et de la Technologie,https://www.ajol.info/index.php/srst,1111-4924,2352-9717,open_alex,NA,crossref,53
Tanzania Dental Journal,https://www.ajol.info/index.php/tdj,NA,0856-0625,open_alex,164,crossref,58
Tanzania Journal of Development Studies,https://www.ajol.info/index.php/tjds,0856-9622,2591-6831,open_alex,30,crossref,30
Tanzania Journal of Forestry and Nature Conservation,https://www.ajol.info/index.php/tjfnc,2408-8129,2408-8137,NA,NA,NA,NA
Tanzania Journal of Health Research,https://www.ajol.info/index.php/thrb,1821-6404,1821-9241,open_alex,639,crossref,569
Tanzania Journal of Science,https://www.ajol.info/index.php/tjs,0856-1761,2507-7961,open_alex,31,crossref,278
Tanzania Medical Journal,https://www.ajol.info/index.php/tmj,NA,0856-0714,open_alex,218,crossref,102
Tanzania Veterinary Journal,https://www.ajol.info/index.php/tvj,0856-1451,2714-206X,open_alex,383,crossref,70
Technologies Avancées,https://www.ajol.info/index.php/ta,NA,1111-0902,open_alex,33,crossref,34
Thought and Practice,https://www.ajol.info/index.php/tp,0251-043X,2076-7714,open_alex,58,crossref,68
Town and Regional Planning,https://www.ajol.info/index.php/trp,1012-280X,2415-0495,open_alex,71,crossref,99
Transactions of the Zimbabwe Scientific Association,https://www.ajol.info/index.php/tzsa,NA,0254-2765,open_alex,37,crossref,37
Tropical Freshwater Biology,https://www.ajol.info/index.php/tfb,NA,0795-0101,open_alex,226,crossref,213
Tropical Journal of Health Sciences,https://www.ajol.info/index.php/tjhc,NA,1117-4153,open_alex,406,crossref,177
Tropical Journal of Medical Research,https://www.ajol.info/index.php/tjmr,NA,1119-0388,open_alex,NA,crossref,257
Tropical Journal of Obstetrics and Gynaecology,https://www.ajol.info/index.php/tjog,NA,0189-5117,open_alex,835,crossref,490
Tropical Journal of Pharmaceutical Research,https://www.ajol.info/index.php/tjpr,1596-5996,1596-9827,open_alex,3160,crossref,3178
Tropical Veterinarian,https://www.ajol.info/index.php/tv,NA,0794-4845,open_alex,NA,crossref,110
Tydskrif vir letterkunde,https://www.ajol.info/index.php/tvl,0041-476X,2309-9070,open_alex,1368,crossref,1095
Uganda Journal,https://www.ajol.info/index.php/uj,NA,0041-574X,open_alex,292,crossref,62
Uganda Journal of Agricultural Sciences,https://www.ajol.info/index.php/ujas,1026-0919,2410-6909,open_alex,403,crossref,64
UJAH: Unizik Journal of Arts and Humanities,https://www.ajol.info/index.php/ujah,NA,1595-1413,open_alex,378,crossref,311
UNISWA Journal of Agriculture,https://www.ajol.info/index.php/uniswa,NA,1021-0873,open_alex,155,crossref,50
"UNISWA Research Journal of Agriculture, Science and Technology",https://www.ajol.info/index.php/uniswa-rjast,NA,1029-9645,open_alex,135,crossref,135
University of Dar es Salaam Library Journal,https://www.ajol.info/index.php/udslj,NA,0856-1818,open_alex,177,crossref,93
University of Mauritius Research Journal,https://www.ajol.info/index.php/umrj,NA,1694-0342,open_alex,271,crossref,5
Vulture News,https://www.ajol.info/index.php/vulnew,NA,1606-7479,open_alex,118,crossref,128
Water SA,https://www.ajol.info/index.php/wsa,NA,0378-4738,open_alex,2374,crossref,1401
West African Journal of Applied Ecology,https://www.ajol.info/index.php/wajae,NA,0855-4307,open_alex,395,crossref,194
West African Journal of Industrial and Academic Research,https://www.ajol.info/index.php/wajiar,1116-5405,NA,NA,NA,NA,NA
West African Journal of Medicine,https://www.ajol.info/index.php/wajm,NA,0189-160X,open_alex,2172,crossref,522
West African Journal of Pharmacology and Drug Research,https://www.ajol.info/index.php/wajpdr,NA,0303-691X,open_alex,429,crossref,160
West African Journal of Radiology,https://www.ajol.info/index.php/wajr,NA,1115-3474,open_alex,322,crossref,328
Western Indian Ocean Journal of Marine Science,https://www.ajol.info/index.php/wiojms,0856-860X,0856-860X,open_alex,9,crossref,223
Zagazig Journal of Occupational Health and Safety,https://www.ajol.info/index.php/zjohs,1687-8671,1687-8671,open_alex,13,crossref,14
Zambezia: The Journal of Humanities of the University of Zimbabwe,https://www.ajol.info/index.php/zjh,NA,0379-0622,open_alex,402,crossref,64
Zede Journal,https://www.ajol.info/index.php/zj,0514-6216,NA,NA,NA,NA,NA
Zimbabwe Journal of Educational Research,https://www.ajol.info/index.php/zjer,NA,1013-3445,open_alex,554,crossref,90
Zimbabwe Journal of Technological Sciences,https://www.ajol.info/index.php/zjts,2079-8997,2079-8997,open_alex,6,crossref,6
Zimbabwe Science News,https://www.ajol.info/index.php/zsn,NA,1016-1503,open_alex,34,crossref,36
Zimbabwe Veterinary Journal,https://www.ajol.info/index.php/zvj,NA,1016-1511,open_alex,150,crossref,66
Zoologist (The),https://www.ajol.info/index.php/tzool,NA,1596-972X,open_alex,101,crossref,101
