issn_input,issn_l,display_name,publisher,works_count,created_date
0794-6961,0794-6961,Abia State University Medical Students Association Journal,African Journals Online,64,2022-02-03
1023-0564,1023-0564,Acta Structilia : Journal for the Physical and Development Sciences,AFRICAN SUN MeDIA,243,2017-10-27
2415-0487,1023-0564,Acta Structilia : Journal for the Physical and Development Sciences,AFRICAN SUN MeDIA,243,2017-10-27
1015-8758,1015-8758,Acta Theologica,AFRICAN SUN MeDIA,1085,2016-06-24
2309-9089,1015-8758,Acta Theologica,AFRICAN SUN MeDIA,1085,2016-06-24
0850-3907,0850-3907,Africa Development,African Journals Online,554,2016-06-24
0256-2804,0256-2804,Africa insight,African Journals Online,1556,2017-10-27
1995-641X,0256-2804,Africa insight,African Journals Online,1556,2017-10-27
1560-8646,1560-8646,Africa sanguine,African Journals Online,10,2022-02-03
1024-0969,1024-0969,African Anthropologist,African Journals Online,152,2016-06-24
1021-9730,1021-9730,African Crop Science Journal,African Journals Online,1286,2016-06-24
2072-6589,1021-9730,African Crop Science Journal,African Journals Online,1286,2016-06-24
0850-8518,NA,NA,NA,NA,NA
1680-6905,1680-6905,African Health Sciences,African Journals Online,2364,2016-06-24
2411-6939,2411-6939,African journal for physical activity and health sciences,"African Journal for Physical Activity and Health Sciences, Tshwane University of Technology",0,2022-02-03
1727-9445,1608-5906,African Journal of AIDS Research,Taylor & Francis,751,2016-06-24
1608-5906,1608-5906,African Journal of AIDS Research,Taylor & Francis,751,2016-06-24
0794-2184,0794-2184,Aluta digest magazine,African Journals Online,29,2022-02-03
1119-023X,1119-023X,African Journal of Applied Zoology and Environmental Biology,African Journals Online,45,2022-02-03
1608-5914,1608-5914,African Journal of Aquatic Science,Taylor & Francis,983,2016-06-24
1727-9364,1608-5914,African Journal of Aquatic Science,Taylor & Francis,983,2016-06-24
1119-5096,1119-5096,African Journal of Biomedical Research,African Journals Online,906,2016-06-24
1684-5315,1684-5315,African Journal of Biotechnology,Academic Journals,12970,2016-06-24
2227-5835,NA,NA,NA,NA,NA
1595-689X,1595-689X,African Journal of Clinical and Experimental Microbiology,African Journals Online,649,2017-10-27
1119-7056,1119-7056,African Journal of Cross-Cultural Psychology and Sport Facilitation,African Journals Online,54,2022-02-03
1531-4065,1531-4065,African journal of drug and alcohol studies,African Journals Online,141,2017-10-27
1116-4875,1116-4875,African Journal of Economic Policy,African Journals Online,105,2016-06-24
1821-8148,NA,NA,NA,NA,NA
2453-5966,NA,NA,NA,NA,NA
2508-1128,0855-501X,African Journal of Educational Studies in Mathematics and Sciences,African Journals Online,169,2016-06-24
1116-6495,1116-6495,African Journal of Endocrinology and Metabolism,African Journals Online,0,2022-02-03
1996-0786,1996-0786,African Journal of Environmental Science and Technology,Academic Journals,1052,2017-10-27
0856-6372,0856-6372,The African Journal of Finance and Management,African Journals Online,246,2017-10-27
1608-1366,1608-1366,The African journal of food and nutritional security,African Journals Online,6,2022-02-03
1684-5358,1684-5358,"African Journal of Food, Agriculture, Nutrition and Development","African Journal of Food, Agriculture, Nutrition and Development",1315,2016-06-24
1684-5374,1684-5358,"African Journal of Food, Agriculture, Nutrition and Development","African Journal of Food, Agriculture, Nutrition and Development",1315,2016-06-24
2218-5615,2218-5615,African journal of governance and development,"University of KwaZulu-Natal School of Management, IT and Governance",5,2022-02-03
1022-9272,1022-9272,African Journal of Health Sciences,African Journals Online,588,2016-06-24
2006-0165,2006-0165,African Journal of Infectious Diseases,African Traditional Herbal Medicine Supporters Initiative (ATHMSI),212,2016-06-24
0850-7902,0850-7902,African Journal of International Affairs,African Journals Online,85,2016-06-24
0795-4778,NA,NA,NA,NA,NA
1596-4019,NA,NA,NA,NA,NA
2343-6689,2343-6689,African Journal of Management Research,African Journals Online,0,2022-02-03
2458-7435,2343-6689,African Journal of Management Research,African Journals Online,0,2022-02-03
1814-232X,1814-232X,African Journal of Marine Science,Taylor & Francis,1846,2016-06-24
1814-2338,1814-232X,African Journal of Marine Science,Taylor & Francis,1846,2016-06-24
1992-2647,1015-8618,African Journal of Neurological Sciences,African Journals Online,400,2016-06-24
1015-8618,1015-8618,African Journal of Neurological Sciences,African Journals Online,400,2016-06-24
0189-5710,0189-5710,African Journal of Oral Health,African Journals Online,59,2022-02-03
1608-7232,1608-7232,African journal of oral health sciences,African Journals Online,45,2022-02-03
2354-4325,NA,NA,NA,NA,NA
0189-6725,0974-5998,African Journal of Paediatric Surgery,NA,911,2016-06-24
2141-8322,2141-8322,African Journal of Physiotherapy and Rehabilitation Sciences,African Journals Online,70,2022-02-03
1027-0353,1027-0353,African Journal of Political Science,African Journals Online,128,2017-10-27
1994-8220,1994-8220,African journal of psychiatry,OMICS Publishing Group,0,2022-02-03
1022-0119,1022-0119,African Journal of Range & Forage Science,Taylor & Francis,1610,2016-06-24
1727-9380,1022-0119,African Journal of Range & Forage Science,Taylor & Francis,1610,2016-06-24
1118-4841,1118-4841,African Journal of Reproductive Health,African Journal of Reproductive Health (AJRH),1727,2016-06-24
2307-2482,NA,NA,NA,NA,NA
1607-9949,1607-9949,African Journal of Science and Technology,African Journals Online,220,2016-06-24
1563-3934,NA,NA,NA,NA,NA
2409-5605,NA,NA,NA,NA,NA
2315-6317,NA,NA,NA,NA,NA
0189-6016,2505-0044,"African Journal of Traditional, Complementary and Alternative Medicines",African Traditional Herbal Medicine Supporters Initiative (ATHMSI),1630,2016-06-24
0002-0036,0002-0036,African journal of tropical hydrobiology and fisheries,African Journals Online,45,2022-02-03
1110-5704,1110-5704,African Journal of Urology,Springer Nature,1163,2016-06-24
1562-6997,1562-6997,African Journal on Conflict Resolution,African Journals Online,320,2016-06-24
1994-9057,1994-9057,African Research Review,African Journals Online,1330,2016-06-24
2070-0083,1994-9057,African Research Review,African Journals Online,1330,2016-06-24
2042-1478,NA,NA,NA,NA,NA
1728-774X,1728-774X,African Safety Promotion,African Journals Online,305,2016-06-24
1027-4332,1027-4332,African sociological review,African Journals Online,205,2022-02-03
1119-7196,1119-7196,African Studies Monographs,African Journals Online,0,2022-02-03
1562-7020,1562-7020,African Zoology,Taylor & Francis,1462,2016-06-24
2224-073X,1562-7020,African Zoology,Taylor & Francis,1462,2016-06-24
2316-090X,2316-090X,Afrika statistika,Statistics and Probability African Society (SPAS),36,2022-02-03
2141-162X,NA,NA,NA,NA,NA
1813-548X,1813-548X,Afrique science,African Journals Online,128,2022-02-03
2225-8590,2225-8590,AFRREV IJAH: An International Journal of Arts and Humanities,African Journals Online,553,2017-10-27
2227-5452,2225-8590,AFRREV IJAH: An International Journal of Arts and Humanities,African Journals Online,553,2017-10-27
2225-8604,2225-8604,"AFRREV LALIGENS: An International Journal of Language, Literature and Gender Studies",African Journals Online,227,2017-10-27
2227-5460,2225-8604,"AFRREV LALIGENS: An International Journal of Language, Literature and Gender Studies",African Journals Online,227,2017-10-27
2225-8612,2225-8612,AFRREV STECH: An International Journal of Science and Technology,African Journals Online,190,2017-10-27
2227-5444,2225-8612,AFRREV STECH: An International Journal of Science and Technology,African Journals Online,190,2017-10-27
0855-5591,0855-5591,Agricultural and Food Science Journal of Ghana,African Journals Online,38,2022-02-03
1119-7455,1119-7455,Agro-Science,African Journals Online,529,2022-02-03
1015-2288,1015-2288,Agronomie africaine,African Journals Online,201,2022-02-03
1117-9996,1117-9996,Agrosearch,African Journals Online,209,2022-02-03
1110-0834,NA,NA,NA,NA,NA
2090-2948,NA,NA,NA,NA,NA
2707-7179,NA,NA,NA,NA,NA
2226-6054,2226-6054,Anatomy journal of Africa,African Journals Online,0,2022-02-03
2305-9478,2226-6054,Anatomy journal of Africa,African Journals Online,0,2022-02-03
0794-4721,0794-4721,Animal Production Research Advances,African Journals Online,345,2017-10-27
1597-3115,1597-3115,Animal Research International,African Journals Online,604,2017-10-27
0254-4296,0254-4296,Annales aequatoria,African Journals Online,0,2022-02-03
1659-5009,1659-5009,Annales des Sciences Agronomiques,African Journals Online,108,2022-02-03
1596-3519,1596-3519,Annals of African Medicine,Medknow Publications,913,2016-06-24
1999-9674,1999-9674,The Annals of African Surgery,African Journals Online,358,2017-10-27
2523-0816,1999-9674,The Annals of African Surgery,African Journals Online,358,2017-10-27
1596-6569,1596-6569,Annals of Biomedical Sciences,African Journals Online,493,2017-10-27
2141-4343,NA,NA,NA,NA,NA
1597-1627,1597-1627,Annals of Ibadan postgraduate medicine,African Journals Online,323,2017-10-27
2141-9248,2141-9248,Annals of Medical and Health Sciences Research,Medknow Publications,1365,2017-09-25
2141-1263,NA,NA,NA,NA,NA
0331-3131,0331-3131,Annals of Nigerian Medicine,Medknow Publications,170,2017-10-27
1687-4137,1687-4137,Annals of Pediatric Surgery,Springer Nature,519,2017-10-27
1858-554X,1858-554X,Arab journal of nephrology and transplantation,African Journals Online,144,2017-10-27
1467-6958,1467-6958,Archives of Ibadan Medicine,African Journals Online,140,2017-10-27
1694-2086,1694-2086,Archivesof Medical and Biomedical Research,African Journals Online,0,2022-02-03
1694-2078,1694-2078,Archives of Medical and Biomedical Research,African Journals Online,30,2022-02-03
1596-6305,NA,NA,NA,NA,NA
2545-5672,NA,NA,NA,NA,NA
2635-3792,NA,NA,NA,NA,NA
2006-6996,2006-6996,Bayero Journal of Pure and Applied Sciences,African Journals Online,1218,2017-10-27
0795-0268,0795-0268,The Resident doctor,African Journals Online,69,2022-02-03
1596-7409,1596-7409,Bio-Research,African Journals Online,299,2022-02-03
2705-3822,2705-3822,Bio Research Journal,NA,13,2022-02-03
0795-8080,0795-8080,Biokemistri,African Journals Online,85,2022-02-03
1810-0163,1810-0163,The Botswana journal of economics,African Journals Online,17,2022-02-03
1019-1593,1019-1593,Botswana Journal of Technology,African Journals Online,199,2017-10-27
1597-2836,1597-2836,Bowen Journal of Agriculture,African Journals Online,117,2017-10-27
0378-9721,0378-9721,Bulletin of animal health and production in Africa,African Journals Online,0,2022-02-03
1011-3924,1011-3924,Bulletin of The Chemical Society of Ethiopia,African Journals Online,1212,2016-06-24
1726-801X,1011-3924,Bulletin of The Chemical Society of Ethiopia,African Journals Online,1212,2016-06-24
2705-313X,NA,NA,NA,NA,NA
2705-3121,NA,NA,NA,NA,NA
1813-3320,1813-3320,Cameroon journal of agricultural science,African Journals Online,36,2022-02-03
1816-0573,1816-0573,Cameroon Journal of Experimental Biology,African Journals Online,159,2017-10-27
0008-9176,0008-9176,The Central African journal of medicine,African Journals Online,3918,2017-09-25
2276-707X,NA,NA,NA,NA,NA
2384-6028,NA,NA,NA,NA,NA
1812-5840,1812-5840,Clinics in mother and child health,OMICS Publishing Group,7,2022-02-03
2090-7214,1812-5840,Clinics in mother and child health,OMICS Publishing Group,7,2022-02-03
1115-2664,1115-2664,Communicate Journal of Library and Information Science,African Journals Online,14,2022-02-03
2343-6530,2343-6530,Contemporary journal of African studies,African Journals Online,0,2022-02-03
0256-2170,NA,NA,NA,NA,NA
2078-5143,NA,NA,NA,NA,NA
0189-0263,NA,NA,NA,NA,NA
2006-6910,NA,NA,NA,NA,NA
0256-004,NA,NA,NA,NA,NA
2310-7103,2310-7103,Critical studies in teaching and learning,University of the Western Cape Library Service,112,2022-02-03
1013-929X,1013-929X,Current Writing: Text And Reception In Southern Africa,Taylor & Francis,599,2022-02-03
2159-9130,1013-929X,Current Writing: Text And Reception In Southern Africa,Taylor & Francis,599,2022-02-03
0856-7212,0856-7212,The Dar es Salaam Medical Students Journal,African Journals Online,67,2022-02-03
1465-0142,1465-0142,Democracy & development,African Journals Online,10,2022-02-03
1015-079X,1015-079X,Discovery and Innovation,African Journals Online,964,2016-06-24
0012-8325,0012-8325,East African agricultural and forestry journal,Taylor & Francis,1914,2017-10-27
2714-2183,2714-2132,East African Journal of Education and Social Sciences,Gitoya Centre for Academic Research and Dissemination,134,2022-02-03
2714-2132,2714-2132,East African Journal of Education and Social Sciences,Gitoya Centre for Academic Research and Dissemination,134,2022-02-03
1021-8858,1021-8858,East African journal of peace and human rights,African Journals Online,312,2017-10-27
0856-8960,0856-8960,East African journal of public health,African Journals Online,428,2017-10-27
1992-0407,1992-0407,East African Journal of Sciences,African Journals Online,249,2017-10-27
1811-7503,1811-7503,The East African journal of statistics,African Journals Online,28,2022-02-03
0012-835X,0012-835X,East African Medical Journal,African Journals Online,9129,2016-06-24
1994-1072,1994-1072,East African Orthopaedic Journal,African Journals Online,197,2017-10-27
2664-0996,2664-0996,East Africa science,East African Health Research Commission,33,2022-02-03
2664-1003,2664-0996,East Africa science,East African Health Research Commission,33,2022-02-03
1026-552X,1026-552X,East and Central African journal of pharmaceutical sciences,African Journals Online,0,2022-02-03
2073-9990,1024-297X,East and Central African Journal of Surgery,NA,962,2017-10-27
0377-7103,0377-7103,Eastern Africa Journal of Rural Development,African Journals Online,212,2017-10-27
1027-1775,1027-1775,Eastern Africa Social Science Research Review,NA,386,2016-06-24
1684-4173,1027-1775,Eastern Africa Social Science Research Review,NA,386,2016-06-24
1597-1260,1597-1260,Ebonyi Medical Journal,African Journals Online,159,2017-10-27
2006-7593,2006-7593,Edo Journal of Counselling,African Journals Online,59,2022-02-03
1687-1502,1687-1502,The Egyptian Journal of Biochemistry and Molecular Biology,African Journals Online,199,2017-10-27
1110-6859,1110-6859,Egyptian Journal of Biology,African Journals Online,212,2017-10-27
1110-6379,1110-6379,Egyptian Journal of Biomedical Sciences,African Journals Online,19,2022-02-03
1110-6093,1110-6093,Egyptian Journal of Biotechnology,African Journals Online,13,2022-02-03
1687-2002,1687-2002,The Egyptian Journal of Hospital Medicine,Egypts Presidential Specialized Council for Education and Scientific Research,4527,2017-10-27
2090-7125,1687-2002,The Egyptian Journal of Hospital Medicine,Egypts Presidential Specialized Council for Education and Scientific Research,4527,2017-10-27
1110-8630,1110-8630,Egyptian Journal of Medical Human Genetics,Springer Nature,754,2020-06-19
1110-5593,1110-5593,Egyptian Journal of Medical Laboratory Sciences,African Journals Online,0,2022-02-03
1110-6867,1110-6867,Egyptian Journal of Natural History,African Journals Online,13,2022-02-03
2006-1838,2006-1838,Ekpoma Journal of Theatre and Media Arts,African Journals Online,83,2022-02-03
2449-1179,2006-1838,Ekpoma Journal of Theatre and Media Arts,African Journals Online,83,2022-02-03
0376-8902,0376-8902,English in Africa,African Journals Online,650,2017-10-27
2006-0459,NA,NA,NA,NA,NA
2705-3636,NA,NA,NA,NA,NA
2354-1814,NA,NA,NA,NA,NA
2682-5961,NA,NA,NA,NA,NA
1010-2728,1010-2728,Ergonomics SA : Journal of the Ergonomics Society of South Africa,African Journals Online,111,2017-10-27
0376-4753,0376-4753,ESARBICA Journal: Journal of the Eastern and Southern Africa Regional Branch of the International Council on Archives,African Journals Online,220,2017-10-27
0257-2605,NA,NA,NA,NA,NA
2415-2382,NA,NA,NA,NA,NA
1819-8678,1819-8678,Ethiopian Journal of Biological Sciences,African Journals Online,220,2017-10-27
2311-9772,2311-9772,The Ethiopian journal of business and economics,African Journals Online,25,2022-02-03
2410-2393,2311-9772,The Ethiopian journal of business and economics,African Journals Online,25,2022-02-03
0378-0813,0378-0813,Ethiopian journal of development research,African Journals Online,0,2022-02-03
1993-3681,1993-3681,Ethiopian Journal of Economics,African Journals Online,236,2017-10-27
1998-8907,1998-8907,Ethiopian Journal of Education and Sciences,African Journals Online,202,2017-10-27
1998-0507,1998-0507,Ethiopian Journal of Environmental Studies and Management,African Journals Online,650,2017-10-27
1021-6790,1021-6790,Ethiopian Journal of Health Development,African Journals Online,1290,2016-06-24
1029-1857,1029-1857,Ethiopian journal of health sciences,African Journals Online,1135,2017-10-27
1816-3378,1816-3378,The Ethiopian journal of science and technology,African Journals Online,102,2022-02-03
2312-6019,1816-3378,The Ethiopian journal of science and technology,African Journals Online,102,2022-02-03
1810-4487,1810-4487,Ethiopian journal of the social sciences and humanities,African Journals Online,151,2017-10-27
2520-582X,1810-4487,Ethiopian journal of the social sciences and humanities,African Journals Online,151,2017-10-27
1029-5933,1029-5933,Ethiopian Pharmaceutical Journal,African Journals Online,205,2017-10-27
1683-6324,1683-6324,Ethiopian Veterinary Journal,African Journals Online,265,2017-10-27
2221-5034,1683-6324,Ethiopian Veterinary Journal,African Journals Online,265,2017-10-27
2276-8386,2276-8386,Filosofia Theoretica,African Journals Online,0,2022-02-03
2408-5987,2408-5987,Filosofia Theoretica Online,African Journals Online,157,2022-02-03
2579-0625,2579-0617,FUOYE Journal of Engineering and Technology,"Faculty of Engineering, Federal University Oye-Ekiti",19,2022-02-03
2579-0617,2579-0617,FUOYE Journal of Engineering and Technology,"Faculty of Engineering, Federal University Oye-Ekiti",19,2022-02-03
1597-8826,1597-8826,Futy Journal of the Environment,African Journals Online,70,2022-02-03
1596-9231,1596-9231,Gender and behaviour,African Journals Online,1320,2017-10-27
0855-0042,0855-0042,Ghana journal of agricultural science,African Journals Online,581,2017-10-27
0855-6768,0855-6768,Ghana Journal of Development Studies,African Journals Online,299,2017-10-27
0855-1707,0855-1707,Ghana journal of foresty,African Journals Online,42,2022-02-03
0855-9414,0855-9414,Ghana Journal of Geography,African Journals Online,47,2022-02-03
2026-6596,2026-6596,Ghana journal of linguistics,African Journals Online,66,2022-02-03
0855-1448,0855-1448,Ghana Journal of Science,African Journals Online,0,2022-02-03
0855-3033,0855-3033,Ghana Library Journal,African Journals Online,142,2017-10-27
0016-9560,0016-9560,Ghana Medical Journal,African Journals Online,1,2022-02-03
0855-210X,0855-210X,Ghana Mining Journal,African Journals Online,191,2017-10-27
0794-1005,0794-1005,Global Approaches to Extension Practice: A Journal of Agricultural Extension,African Journals Online,207,2017-10-27
1596-2903,1596-2903,Global Journal of Agricultural Sciences,African Journals Online,401,2017-10-27
1597-9857,1597-9857,Global Journal of Community Medicine,African Journals Online,0,2022-02-03
1596-6224,1596-6224,Global Journal of Educational Research,African Journals Online,247,2017-10-27
1596-292X,1596-292X,Global Journal of Engineering Research,African Journals Online,154,2017-10-27
1596-6194,1596-6194,Global Journal of Environmental Sciences,African Journals Online,171,2017-10-27
1596-6798,1596-6798,Global Journal of Geological Sciences,African Journals Online,268,2017-10-27
1596-6232,1596-6232,Global journal of humaniies,African Journals Online,50,2022-02-03
1596-6208,1596-6208,Global Journal of Mathematical Sciences,African Journals Online,152,2017-10-27
1596-2911,1596-2911,Global Journal of Medical Sciences,African Journals Online,111,2017-10-27
1118-0579,1118-0579,Global Journal of Pure and Applied Sciences,African Journals Online,1576,2017-10-27
1596-6216,1596-6216,Global Journal of Social Sciences,African Journals Online,301,2017-10-27
2227-2178,NA,NA,NA,NA,NA
2305-3739,NA,NA,NA,NA,NA
1025-9848,1025-9848,Health Sa Gesondheid,AOSIS,890,2016-06-24
2071-9736,1025-9848,Health Sa Gesondheid,AOSIS,890,2016-06-24
1596-2407,1596-2407,Highland Medical Research Journal,African Journals Online,351,2017-10-27
0259-9422,0259-9422,Theological Studies/Teologiese Studies,AOSIS,52,2016-06-24
2072-8050,0259-9422,Theological Studies/Teologiese Studies,AOSIS,52,2016-06-24
1596-0749,1596-0749,Humanities Review Journal,African Journals Online,90,2022-02-03
0856-6739,0856-6739,Huria: Journal of the Open University of Tanzania,African Journals Online,284,2017-10-27
2141-9744,NA,NA,NA,NA,NA
0794-4896,0794-4896,Ife Journal of Science,African Journals Online,738,2017-10-27
1117-1421,1117-1421,IFE Psychologia: An International Journal,African Journals Online,885,2017-10-27
2141-7040,2141-7040,Ilorin Journal of Religious Studies,African Journals Online,9,2022-02-03
1821-7613,NA,NA,NA,NA,NA
1683-0296,1683-0296,Indilinga: African Journal of Indigenous Knowledge Systems,African Journals Online,413,2017-10-27
2079-7222,1445-7377,The Indo-Pacific journal of phenomenology,Taylor & Francis,8,2022-02-03
1445-7377,1445-7377,The Indo-Pacific journal of phenomenology,Taylor & Francis,8,2022-02-03
2141-4297,2141-4297,Information Impact Journal of Information and Knowledge Management,African Journals Online,0,2022-02-03
2360-994X,2360-994X,Information Impact: Journal of Information and Knowledge Management,African Journals Online,249,2017-10-27
1596-5422,1596-5422,The information Manager,African Journals Online,0,2022-02-03
1597-4316,1597-4316,Information Technologist (The),African Journals Online,196,2022-02-03
2077-2815,2077-2815,Inkanyiso,African Journals Online,0,2022-02-03
1025-8892,1025-8892,Innovation (Pietermaritzburg),African Journals Online,0,2022-02-03
1595-9716,1595-9716,International Journal of Agriculture and Rural Development,African Journals Online,223,2017-10-27
0331-5428,NA,NA,NA,NA,NA
2315-5388,NA,NA,NA,NA,NA
2384-681X,NA,NA,NA,NA,NA
1991-8631,1991-8631,International Journal of Biological and Chemical Sciences,African Journals Online,3112,2017-10-27
1997-342X,1991-8631,International Journal of Biological and Chemical Sciences,African Journals Online,3112,2017-10-27
2315-6562,NA,NA,NA,NA,NA
2384-6828,NA,NA,NA,NA,NA
1597-9482,NA,NA,NA,NA,NA
2734-3316,NA,NA,NA,NA,NA
0795-0632,0795-0632,International Journal of Development and Policy Studies,African Journals Online,47,2022-02-03
1595-8485,NA,NA,NA,NA,NA
1119-7048,1119-7048,International Journal of Emotional Psychology and Sport Ethics,African Journals Online,36,2022-02-03
2141-2820,2141-2820,International journal of engineering science and technology,African Journals Online,893,2017-10-27
2141-2839,2141-2839,"International Journal of Engineering, Science and Technology &b. Lagos",African Journals Online,2,2022-02-03
1596-9819,1596-9819,International Journal of Health Research,African Journals Online,120,2017-10-27
2315-537X,NA,NA,NA,NA,NA
2384-6836,NA,NA,NA,NA,NA
1596-3381,1596-3381,International Journal of Malaria and Tropical Diseases (IJMTD),African Journals Online,10,2022-02-03
2277-0941,2315-5019,International Journal of Medicine and Biomedical Research,Michael Joanna Publications,166,2017-10-27
2315-5019,2315-5019,International Journal of Medicine and Biomedical Research,Michael Joanna Publications,166,2017-10-27
1118-2601,1118-2601,International Journal of Medicine and Health Development,African Journals Online,565,2017-10-27
1737-7374,1737-7374,International Journal of Modern Anthropology,African Journals Online,95,2017-07-31
1737-8176,1737-7374,International Journal of Modern Anthropology,African Journals Online,95,2017-07-31
0794-4713,0794-4713,International Journal of Natural and Applied Sciences,African Journals Online,485,2017-10-27
2026-6081,NA,NA,NA,NA,NA
1597-913X,1597-913X,International Journal of Tropical Agriculture and Food Systems,African Journals Online,279,2017-10-27
1694-0423,1694-0423,Internet Journal of Medical Update,African Journals Online,0,2022-02-03
1012-2338,1012-2338,Studi d'italianistica nell'Africa Australe,African Journals Online,87,2022-02-03
2225-7039,1012-2338,Studi d'italianistica nell'Africa Australe,African Journals Online,87,2022-02-03
2665-0789,NA,NA,NA,NA,NA
2591-7013,NA,NA,NA,NA,NA
1019-7788,1019-7788,JASSA. Journal of applied science in Southern Africa,African Journals Online,0,2022-02-03
2006-0734,2006-0734,Jos Journal of Medicine,African Journals Online,222,2017-10-27
1727-8651,NA,NA,NA,NA,NA
2413-354X,NA,NA,NA,NA,NA
0851-4453,0851-4453,L'Ecran marocain,NA,86,2022-02-03
0257-7062,0257-7062,Journal for Islamic studies,African Journals Online,0,2022-02-03
0258-252X,0258-252X,Journal of juridical science,AFRICAN SUN MeDIA,402,2017-10-27
0259-9570,0259-9570,Journal for Language Teaching,African Journals Online,407,2017-10-27
1011-7601,1011-7601,Journal for the Study of Religion,Academy of Science of South Africa,381,2017-10-27
2315-9987,NA,NA,NA,NA,NA
2449-108X,NA,NA,NA,NA,NA
1119-944X,1119-944X,Journal of Agricultural Extension,African Journals Online,0,2022-02-03
2408-6851,1119-944X,Journal of Agricultural Extension,African Journals Online,0,2022-02-03
1596-5511,1596-5511,Journal of Agricultural Research and Development,African Journals Online,333,2017-10-27
1597-1074,1597-1074,Journal of Agriculture and Food Sciences,African Journals Online,219,2017-07-31
1595-7470,1595-7470,Journal of Agriculture and Social Research,African Journals Online,0,2022-02-03
1597-0906,1597-0906,"Journal of Agriculture, Forestry and the Social Sciences",African Journals Online,632,2017-10-27
1561-7645,1561-7645,Journal of agriculture science and technology,African Journals Online,0,2022-02-03
1997-5902,1997-5902,Journal of Applied Biosciences,"Elewa Biosciences, F.a.C.T Ltd (K)",1272,2017-10-27
1117-2894,1117-2894,Journal of Applied Chemistry and Agricultural Research,African Journals Online,45,2022-02-03
0855-2215,0855-2215,Journal of Applied Science and Technology,African Journals Online,458,2017-10-27
1596-3233,1596-3233,"Journal of Applied Science, Engineering and Technology",African Journals Online,156,2017-10-27
1119-8362,1119-8362,Journal of Applied Sciences and Environmental Management,African Journals Online,2470,2017-10-27
2659-1502,2659-1502,Journal of applied science and environmental management,NA,67,2022-02-03
0189-8779,0189-8779,Journal of Aquatic Sciences,African Journals Online,559,2017-10-27
2278-960X,2278-960X,Journal of Basic and Clinical Reproductive Sciences,Medknow Publications,174,2017-10-27
2320-2041,2278-960X,Journal of Basic and Clinical Reproductive Sciences,Medknow Publications,174,2017-10-27
1597-0043,1597-0043,Journal of Biomedical Investigation,African Journals Online,94,2022-02-03
0856-0501,0856-0501,Journal of building and land development,African Journals Online,14,2022-02-03
2077-3420,2077-3420,Journal of business and administrative studies,African Journals Online,13,2022-02-03
0148-2963,0148-2963,Journal of Business Research,Elsevier,9390,2016-06-24
1728-0583,1728-0583,Journal of Child & Adolescent Mental Health,Taylor & Francis,493,2016-06-24
1728-0591,1728-0583,Journal of Child & Adolescent Mental Health,Taylor & Francis,493,2016-06-24
1729-5769,1729-5769,Journal of Civil Engineering Research and Practice,African Journals Online,105,2017-10-27
1562-6121,1562-6121,Journal of civil engineering,African Journals Online,20,2022-02-03
0794-7410,0794-7410,Journal of Community Medicine and Primary Health Care,African Journals Online,239,2017-10-27
2006-5523,2006-5523,Journal of Computer Science and Its Application,African Journals Online,94,2022-02-03
0378-5254,0378-5254,Journal of dietetics and home economics,African Journals Online,0,2022-02-03
1595-0956,1595-0956,Journal of Cultural Studies,African Journals Online,0,2022-02-03
2305-7432,2305-7432,Journal of development and communication studies,African Journals Online,0,2022-02-03
0012-8317,0012-8317,Journal of the East Africa Natural History Society and National Museum,NA,0,2022-02-03
1026-1613,1026-1613,Journal of East African Natural History,BioOne (East African Natural History Society),336,2016-06-24
1119-9210,NA,NA,NA,NA,NA
003-8-2469,NA,NA,NA,NA,NA
1595-5125,1595-5125,Journal of Environmental Extension,African Journals Online,155,2017-10-27
1560-1560,0256-8888,Registre de l'ISDS,NA,43,2022-02-03
1596-2393,1596-2393,Journal of Experimental and Clinical Anatomy,Medknow Publications,323,2017-10-27
1028-6098,1028-6098,The journal of food technology in Africa,African Journals Online,0,2022-02-03
1112-9867,1112-9867,Journal of Fundamental and Applied Sciences,African Journals Online,2799,2017-07-31
1597-3778,1597-3778,Journal of History and Diplomatic Studies,African Journals Online,38,2022-02-03
1016-0728,1016-0728,Journal of humanities (Zomba),African Journals Online,32,2022-02-03
1998-1279,1998-1279,"Journal of Language, Technology & Entrepreneurship in Africa",African Journals Online,218,2017-10-27
1595-8922,1595-8922,Journal of Librarianship and Information Science in Africa,African Journals Online,8,2022-02-03
2026-6294,2026-6294,Journal of medical and biomedical sciences,African Journals Online,72,2022-02-03
1116-1043,1116-1043,Journal of Medical Laboratory Science,African Journals Online,150,2017-10-27
1596-6941,1596-6941,Journal of Medicine and Biomedical Research,African Journals Online,251,2017-10-27
1119-3999,1119-3999,Journal of Medicine and Medical Sciences,African Journals Online,9,2022-02-03
2276-7096,2276-7096,Journal of medicine in the tropics,Medknow Publications,391,2017-10-27
2006-7003,NA,NA,NA,NA,NA
1116-2775,1116-2775,Journal of Mining and Geology,African Journals Online,154,2017-10-27
1596-3497,1596-3497,Journal of Modeling Design and Management of Engineering Systems,African Journals Online,34,2022-02-03
1012-8867,NA,NA,NA,NA,NA
1596-8499,1596-8499,Journal of Pharmaceutical and Allied Sciences,African Journals Online,345,2017-10-27
0189-8442,0189-8442,Journal of Pharmacy & Bioresources,African Journals Online,370,2017-10-27
0855-6660,0855-6660,Journal of Philosophy and Culture,African Journals Online,5,2022-02-03
1118-1028,1118-1028,Journal of Phytomedicine and Therapeutics,African Journals Online,54,2022-02-03
1433-0237,1433-0237,Journal of Psychology in Africa,Taylor & Francis,1507,2016-06-24
2006-5442,2006-5442,Journal of Religion and Human Relations,African Journals Online,181,2017-10-27
2141-1778,NA,NA,NA,NA,NA
1596-8308,1596-8308,Journal of Research in National Development,African Journals Online,569,2017-10-27
2070-1748,2070-1748,Journal of science and sustainable development,African Journals Online,61,2022-02-03
0855-0395,0855-0395,Journal of the University of Science and Technology,African Journals Online,510,2022-02-03
1027-4928,1027-4928,University of Zambia journal of science and technology,African Journals Online,41,2022-02-03
1012-1080,1012-1080,Journal of Social Development in Africa,African Journals Online,481,2016-06-24
2507-7783,NA,NA,NA,NA,NA
2591-6955,NA,NA,NA,NA,NA
2307-6267,2307-6267,Journal of Student Affairs in Africa,Stellenbosch University - Journal of Student Affairs in Africa,252,2017-10-27
2006-8808,2006-8808,Journal of Surgical Technique and Case Report,CLOCKSS Archive,184,2016-06-24
2467-8406,2467-8406,Journal for Sustainable Development Law and Policy,African Journals Online,65,2022-02-03
2467-8392,2467-8406,Journal for Sustainable Development Law and Policy,African Journals Online,65,2022-02-03
1118-5570,1118-5570,Journal of Technology and Education in Nigeria,African Journals Online,183,2017-10-27
1597-0597,NA,NA,NA,NA,NA
2617-3948,2617-393X,The journal of the Cameroon Academy of Sciences,NA,6,2022-02-03
1998-6017,1998-6017,Journal of Eritrean Medical Association,African Journals Online,61,2022-02-03
0855-3823,0855-3823,Journal of the Ghana Science Association,African Journals Online,546,2017-10-27
1812-1004,1812-1004,Journal of The Musical Arts in Africa,Taylor & Francis,239,2016-06-24
2070-626X,1812-1004,Journal of The Musical Arts in Africa,Taylor & Francis,239,2016-06-24
1116-4336,1116-4336,Journal of the Nigerian Association of Mathematical Physics,African Journals Online,951,2017-10-27
1119-1716,1119-1716,Journal of the Nigerian Infection Control Association,African Journals Online,19,2022-02-03
0795-0039,0795-0039,The Red Parrot,African Journals Online,67,2022-02-03
0331-3727,0331-3727,Ifemed,African Journals Online,40,2022-02-03
1012-2796,1012-2796,S.A. argiefblad,African Journals Online,17,2022-02-03
1607-4106,1607-4106,Journal of tropical microbiology,African Journals Online,68,2022-02-03
1737-7803,1737-7803,"Journal tunisien d'ORL, de chirurgie cervico-faciale et d'audiophonologie",African Journals Online,126,2022-02-03
2006-4772,2006-4772,Kanem Journal of medical Sciences,University of Maiduguri - College of Medical Sciences,45,2022-02-03
2714-2426,2714-2426,Kanem Journal of Medical Sciences,University of Maiduguri - College of Medical Sciences,0,2022-02-03
2072-7992,2071-2162,KCA Journal of business management,African Journals Online,0,2022-02-03
2071-2162,2071-2162,KCA Journal of business management,African Journals Online,0,2022-02-03
0256-5161,0256-5161,The Kenya Veterinarian,African Journals Online,267,2017-10-27
0856-552X,0856-552X,Kioo cha Lugha,African Journals Online,23,2022-02-03
0023-1886,0023-1886,Kiswahili,African Journals Online,9,2022-02-03
1596-5031,1596-5031,Lagos Historical Review,African Journals Online,182,2017-10-27
1596-9487,1596-9487,Lagos Journal of Library and Information Science,African Journals Online,56,2022-02-03
0075-7640,0075-7640,Lagos notes and records,African Journals Online,55,2022-02-03
2077-4907,2077-4907,"Law, Democracy and Development",African Journals Online,364,2017-10-27
1118-3713,1118-3713,LBS management review,African Journals Online,48,2022-02-03
0855-1502,0855-1502,Legon Journal of the Humanities,African Journals Online,271,2017-10-27
2458-746X,2458-746X,Legon Journal of the Humanities,African Journals Online,0,2022-02-03
2437-0568,NA,NA,NA,NA,NA
1012-0009,NA,NA,NA,NA,NA
1684-4904,1684-4904,Lexikos,Stellenbosch University - Lexikos,1093,2016-06-24
2224-0039,1684-4904,Lexikos,Stellenbosch University - Lexikos,1093,2016-06-24
1993-2820,1819-6357,Libyan Journal of Medicine,Taylor & Francis,541,2016-06-24
1819-6357,1819-6357,Libyan Journal of Medicine,Taylor & Francis,541,2016-06-24
1813-2227,1813-2227,Lwati: a journal of contemporary research,African Journals Online,803,2017-10-27
1662-2510,1662-2510,Madagascar Conservation & Development,African Journals Online,236,2017-07-31
1816-6822,1816-6822,Makerere Journal of Higher Education,African Journals Online,162,2017-10-27
2707-6113,1816-6822,Makerere Journal of Higher Education,African Journals Online,162,2017-10-27
1019-7079,1019-7079,Malawi journal of science & technology,African Journals Online,12,2022-02-03
1995-7262,1995-7262,Malawi medical journal,African Journals Online,13,2022-02-03
2676-184X,2676-184X,مجلة بحوث الإدارة و الاقتصاد,"Management & Economics Research Journal, Ziane Achour University of Djelfa",0,2022-02-03
2710-8856,2676-184X,مجلة بحوث الإدارة و الاقتصاد,"Management & Economics Research Journal, Ziane Achour University of Djelfa",0,2022-02-03
1816-7659,1816-7659,Marang: Journal of Language and Literature,African Journals Online,190,2017-10-27
1119-409X,1119-409X,Mary Slessor Journal of Medicine,African Journals Online,225,2017-10-27
0855-4706,0855-4706,Mathematics Connection,African Journals Online,65,2022-02-03
0047-651X,0047-651X,Medical journal of Zambia,African Journals Online,855,2017-10-27
2346-7126,NA,NA,NA,NA,NA
2682-4132,2682-4132,Microbes and Infectious Diseases (Print),NA,189,2022-02-03
2682-4140,2682-4132,Microbes and Infectious Diseases (Print),NA,189,2022-02-03
1998-9881,1998-9881,Mizan Law Review,African Journals Online,215,2017-07-31
2309-902X,1998-9881,Mizan Law Review,African Journals Online,215,2017-07-31
2073-073X,2073-073X,Momona Ethiopian Journal of Science,African Journals Online,211,2017-10-27
2220-184X,2073-073X,Momona Ethiopian Journal of Science,African Journals Online,211,2017-10-27
1595-4153,1595-4153,Moor Journal of Agricultural Research,African Journals Online,165,2017-10-27
1607-0011,1607-0011,Mtafiti mwafrika (Print),African Journals Online,19,2022-02-03
1607-2820,NA,NA,NA,NA,NA
1687-1219,1687-1219,New Egyptian journal of microbiology,African Journals Online,0,2022-02-03
0300-368X,0300-368X,Nigeria Agricultural Journal,African Journals Online,749,2017-10-27
0794-067X,0794-067X,Nigeria journal of business administration,African Journals Online,15,2022-02-03
1596-0862,1596-0862,Nigeria Journal of Pure and Applied Physics,African Journals Online,0,2022-02-03
0189-1006,0189-1006,Nigerian Dental Journal,African Journals Online,157,2017-10-27
2251-0362,NA,NA,NA,NA,NA
0189-7241,0189-7241,Nigerian Food Journal,Elsevier,548,2017-10-27
1597-4292,NA,NA,NA,NA,NA
1597-7889,1597-7889,Nigerian Hospital Practice,African Journals Online,935,2017-10-27
0331-2062,0331-2062,Nigerian Journal of Animal Production,Nigerian Society for Animal Production (NSAP),2234,2017-10-27
1119-4308,1119-4308,Nigerian Journal of Animal Science,African Journals Online,799,2017-10-27
0794-5698,0794-5698,Nigerian Journal of Basic and Applied Sciences,African Journals Online,439,2017-10-27
0189-1731,0189-1731,Nigerian Journal of Biotechnology,African Journals Online,370,2017-10-27
1119-0221,1119-0221,Nigerian Journal of Chemical Research,African Journals Online,186,2017-10-27
1118-4035,1118-4035,Nigerian Journal of Clinical and Counselling Psychology,African Journals Online,28,2022-02-03
2141-1123,2141-1123,The  Nigerian Journal of Clinical Medicine,African Journals Online,78,2022-02-03
1119-3077,2229-7731,Nigerian Journal of Clinical Practice,NA,2848,2016-06-24
2636-4956,2636-4956,Nigerian Journal of Dental Research,NA,0,2022-02-03
2714-4089,2714-4089,Nigerian Journal of Dental Research,NA,1,2022-02-03
2141-9884,NA,NA,NA,NA,NA
1597-443X,1597-443X,Nigerian Journal of Fisheries,African Journals Online,31,2022-02-03
2251-0079,2251-0079,Nigerian Journal of Gastroentererology and Hepatology,Medknow Publications,23,2022-02-03
1118-4647,1118-4647,The Nigerian journal of general practice,Medknow Publications,0,2022-02-03
0189-9686,0189-9686,Nigerian Journal of Genetics,Elsevier,62,2018-11-02
0794-0831,0794-0831,Nigerian Journal of Guidance and Counselling,African Journals Online,241,2017-10-27
1595-8272,1595-8272,Nigerian Journal of Health and Biomedical Sciences,African Journals Online,263,2017-10-27
1118-2733,1118-2733,Nigerian Journal of Horticultural Science,African Journals Online,149,2017-10-27
1115-2613,1115-2613,Nigerian journal of medicine : journal of the National Association of Resident Doctors of Nigeria,Medknow Publications,970,2017-09-25
2667-0526,1115-2613,Nigerian journal of medicine : journal of the National Association of Resident Doctors of Nigeria,Medknow Publications,970,2017-09-25
1118-6267,1118-6267,Nigerian Journal of Natural Products and Medicine,African Journals Online,359,2017-10-27
0189-0913,0189-0913,Nigerian journal of nutritional sciences,African Journals Online,0,2022-02-03
0189-9171,0189-9171,Nigerian journal of ophthalmology,Medknow Publications,366,2017-10-27
2468-8363,NA,NA,NA,NA,NA
1596-4582,1596-4582,Nigerian Journal of Orthopaedics and Trauma,Medknow Publications,300,2017-10-27
0302-4660,0302-4660,Nigerian journal of paediatrics,African Journals Online,622,2017-10-27
1117-4145,1117-4145,Nigerian Journal of Parasitology,African Journals Online,716,2017-10-27
0189-8434,0189-8434,Nigerian Journal of Phamaceutical Research,African Journals Online,0,2022-02-03
1595-0611,1595-0611,Nigerian Journal of Physics,African Journals Online,232,2017-10-27
0794-859X,0794-859X,Nigerian journal of physiological sciences : official publication of the Physiological Society of Nigeria,African Journals Online,486,2017-10-27
0794-9316,0794-9316,Nigerian Journal of Plastic Surgery,Medknow Publications,182,2017-10-27
2006-8530,2006-8530,Nigerian Journal of Postgraduate Medicine,African Journals Online,15,2022-02-03
0189-1774,0189-1774,Nigerian Journal of Psychiatry,African Journals Online,160,2017-10-27
1595-6121,1595-6121,Nigerian Journal of Soil and Environmental Research,African Journals Online,44,2022-02-03
1117-6806,1117-6806,Nigerian journal of surgery : official publication of the Nigerian Surgical Research Society,Medknow Publications,280,2017-10-27
1595-1103,1595-1103,Nigerian Journal of Surgical Research,CLOCKSS Archive,267,2017-10-27
1116-5898,1116-5898,Nigerian Journal of Surgical Sciences,Medknow Publications,143,2017-10-27
0189-9546,2437-2110,Nigerian Journal of Technological Development,African Journals Online,207,2017-07-31
2437-2110,2437-2110,Nigerian Journal of Technological Development,African Journals Online,207,2017-07-31
0795-5111,0795-5111,Nigerian Journal of Technological Research,African Journals Online,337,2017-10-27
0331-8443,0331-8443,Nigerian Journal of Technology,African Journals Online,1493,2017-10-27
2467-8821,0331-8443,Nigerian Journal of Technology,African Journals Online,1493,2017-10-27
0029-0122,0029-0122,Nigerian libraries,African Journals Online,33,2022-02-03
0300-1652,NA,Nigerian Medical Journal,Medknow Publications,525,2017-07-31
2229-774X,NA,Nigerian Medical Journal,Medknow Publications,525,2017-07-31
0189-0964,0189-0964,The Nigerian medical practitioner,African Journals Online,544,2017-10-27
1116-428X,1116-428X,Nigerian Music Review,African Journals Online,24,2022-02-03
0189-2657,0189-2657,Nigerian quarterly journal of hospital medicine,African Journals Online,983,2017-10-27
0331-8214,NA,NA,NA,NA,NA
0331-3026,0331-3026,Nigerian Veterinary Journal,African Journals Online,664,2017-10-27
2276-7371,NA,NA,NA,NA,NA
1027-9148,1027-9148,South African Pharmacist's Assistant,African Journals Online,562,2017-10-27
1597-474X,1597-474X,OGIRISI: a New Journal of African Studies,African Journals Online,159,2017-10-27
2226-4485,2218-6050,Open veterinary journal,ScopeMed,533,2017-10-27
2218-6050,2218-6050,Open veterinary journal,ScopeMed,533,2017-10-27
2644-3740,NA,NA,NA,NA,NA
1115-0521,1115-0521,Orient Journal of Medicine,African Journals Online,306,2017-10-27
0529-191-X,NA,NA,NA,NA,NA
2304-8239,NA,NA,NA,NA,NA
0030-6525,0030-6525,Ostrich,Taylor & Francis,2809,2016-06-24
1727-947X,0030-6525,Ostrich,Taylor & Francis,2809,2016-06-24
0795-9478,0795-9478,Oye : Ogun journal of arts,African Journals Online,19,2022-02-03
1937-8688,1937-8688,The Pan African medical journal,Pan African Medical Journal,10002,2017-09-25
0258-2236,0258-2236,Perspectives in Education,AFRICAN SUN MeDIA,1050,2016-06-24
0556-8641,0556-8641,Philosophical papers,Taylor & Francis,725,2022-02-03
1119-2283,1119-2283,Plant Products Research Communications,African Journals Online,56,2022-02-03
0795-3038,0795-3038,Port Harcourt Medical Journal,Medknow Publications,518,2017-10-27
1727-3781,1727-3781,Potchefstroom Electronic Law Journal,Academy of Science of South Africa,997,2017-07-31
1607-3606,1607-3606,Quaestiones Mathematicae,Taylor & Francis,2062,2016-06-24
1727-933X,1607-3606,Quaestiones Mathematicae,Taylor & Francis,2062,2016-06-24
2026-6324,NA,NA,NA,NA,NA
2224-3534,2224-3534,Research in hospitality management,Taylor & Francis,217,2022-02-03
2415-5152,2224-3534,Research in hospitality management,Taylor & Francis,217,2022-02-03
2360-7793,2360-7793,Research Journal of Health Sciences,African Journals Online,0,2022-02-03
2467-8252,2467-8252,Research Journal of Health Sciences,African Journals Online,280,2017-10-27
0855-4412,0855-4412,Research Review of the Institute of African Studies,African Journals Online,156,2017-10-27
1024-4190,1024-4190,Review of Southern African studies,African Journals Online,51,2022-02-03
1997-3756,1997-3756,Revue africaine de chirurgie et spécialités,African Journals Online,37,2022-02-03
0773-8439,0773-8439,Revue burkinabè de droit,African Journals Online,22,2022-02-03
1111-0015,1111-0015,RIST,African Journals Online,74,2022-02-03
2226-2903,NA,NA,NA,NA,NA
2410-8936,NA,NA,NA,NA,NA
2305-2678,2305-2678,Rwanda journal,African Journals Online,173,2022-02-03
2707-7209,NA,NA,NA,NA,NA
2617-2321,2617-2321,"Rwanda journal of engineering, science, technology and environment",African Journals Online,62,2022-02-03
2617-233X,2617-2321,"Rwanda journal of engineering, science, technology and environment",African Journals Online,62,2022-02-03
2226-728X,2226-728X,Rwanda journal of health sciences,African Journals Online,5,2022-02-03
2616-9819,2616-9819,Rwanda journal of medicine and health sciences,African Journals Online,117,2022-02-03
2616-9827,2616-9819,Rwanda journal of medicine and health sciences,African Journals Online,117,2022-02-03
2708-759X,2708-759X,"Rwanda journal of social sciences, humanities and business",African Journals Online,17,2022-02-03
2708-7603,2708-759X,"Rwanda journal of social sciences, humanities and business",African Journals Online,17,2022-02-03
2410-8626,NA,NA,NA,NA,NA
2312-9239,NA,NA,NA,NA,NA
1027-202X,1027-202X,SA Journal of Radiology,AOSIS,545,2017-10-27
2078-6778,1027-202X,SA Journal of Radiology,AOSIS,545,2017-10-27
1024-9451,1024-9451,Southern African feminist review,African Journals Online,41,2022-02-03
1729-0376,1729-0376,SAHARA-J,Taylor & Francis,48,2017-07-31
1813-4424,1729-0376,SAHARA-J,Taylor & Francis,48,2017-07-31
1117-6210,2756-6803,Sahel Journal of Vetinary Science,"Faculty of Veterinary Medicine, University of Maiduguri",49,2022-02-03
1118-8561,1118-8561,Sahel Medical Journal,Medknow Publications,643,2017-10-27
1596-5414,1596-5414,Samaru Journal of Information Studies,African Journals Online,45,2022-02-03
2276-6839,2276-6839,Savannah Journal of Medical Research and Practice,African Journals Online,0,2022-02-03
1011-6028,NA,NA,NA,NA,NA
1597-6343,1597-6343,Science World Journal,African Journals Online,617,2017-10-27
2226-7522,2226-7522,"Science, Technology and Arts Research Journal",African Journals Online,418,2017-07-31
2305-3372,2226-7522,"Science, Technology and Arts Research Journal",African Journals Online,418,2017-07-31
1812-0741,1812-0741,Sciences & nature,African Journals Online,77,2022-02-03
1118-1931,1118-1931,Scientia Africana,African Journals Online,59,2022-02-03
1022-8136,1022-8136,Militaria,Stellenbosch University - Scientia Militaria,0,2022-02-03
2224-0020,2224-0020,Scientia Militaria: South African Journal of Military Studies,Stellenbosch University - Scientia Militaria,1269,2017-10-27
1110-5607,1110-5607,Scientific Medical Journal. Egypt (Print),African Journals Online,48,2022-02-03
0250-4162,NA,NA,NA,NA,NA
2313-1799,NA,NA,NA,NA,NA
0189-9759,0189-9759,Securities market journal,African Journals Online,9,2022-02-03
1011-582X,1011-582X,Shakespeare in Southern Africa,African Journals Online,340,2017-10-27
2076-6270,2076-6270,Sierra Leone journal of biomedical research,African Journals Online,63,2022-02-03
0379-2897,0379-2897,"Sinet, Ethiopian Journal of Science",African Journals Online,390,2017-10-27
2520-7997,0379-2897,"Sinet, Ethiopian Journal of Science",African Journals Online,390,2017-10-27
2536-7153,2536-7153,Sokoto journal of medical laboratory science,African Journals Online,0,2022-02-03
1595-093X,1595-093X,Sokoto Journal of Veterinary Sciences,African Journals Online,556,2017-07-31
1119-443X,1119-443X,Sophia: An African Journal of Philosophy,African Journals Online,422,2017-10-27
1680-2179,1680-2179,South African Actuarial Journal,African Journals Online,117,2017-10-27
1991-3877,1991-3877,South African Crime Quarterly,Academy of Science of South Africa,384,2017-10-27
2078-6190,2078-6190,South African Family Practice,AOSIS,4195,2017-10-27
2078-6204,2078-6190,South African Family Practice,AOSIS,4195,2017-10-27
1812-1659,1812-1659,South African Gastroenterology Review,African Journals Online,350,2017-10-27
0379-9069,0379-9069,South African Journal for Research in Sport Physical Education and Recreation,African Journals Online,627,2016-06-24
0257-2117,0257-2117,South African journal of african languages,Taylor & Francis,1185,2017-10-27
2305-1159,0257-2117,South African journal of african languages,Taylor & Francis,1185,2017-10-27
0301-603X,0301-603X,South African Journal of Agricultural Extension,NA,402,2017-10-27
2413-3221,0301-603X,South African Journal of Agricultural Extension,NA,402,2017-10-27
0375-1589,0375-1589,South African Journal of Animal Science,African Journals Online,2605,2016-06-24
2221-4062,0375-1589,South African Journal of Animal Science,African Journals Online,2605,2016-06-24
1999-7639,1999-7639,South African Journal of Bioethics and Law,South African Medical Association NPC,344,2017-07-31
0254-6299,0254-6299,South African Journal of Botany,Elsevier,6845,2016-06-24
0379-4350,0379-4350,South African journal of chemistry,Academy of Science of South Africa,1149,2017-10-27
1994-3032,1994-3032,South African Journal of Child Health,South African Medical Association NPC,625,2017-07-31
1999-7671,1994-3032,South African Journal of Child Health,South African Medical Association NPC,625,2017-07-31
1011-3053,1011-3053,South African Journal of Cultural History,African Journals Online,604,2017-10-27
0256-0100,0256-0100,South African Journal of Education,Education Association of South Africa,1408,2016-06-24
2076-3433,0256-0100,South African Journal of Education,Education Association of South Africa,1408,2016-06-24
2225-8531,2225-8531,South African Journal of Geomatics,African Journals Online,250,2017-10-27
1011-3487,1011-3487,South African journal of higher education,African Journals Online,2439,2017-10-27
0038-2329,0038-2329,South African journal of obstetrics and gynaecology,South African Medical Association NPC,2,2022-02-03
2305-8862,0038-2329,South African journal of obstetrics and gynaecology,South African Medical Association NPC,2,2022-02-03
0258-0136,0258-0136,South African Journal of Philosophy,Taylor & Francis,926,2016-06-24
0257-1862,0257-1862,The South African Journal of Plant and Soil,Taylor & Francis,1605,2017-10-27
2167-034X,0257-1862,The South African Journal of Plant and Soil,Taylor & Francis,1605,2017-10-27
1608-9685,1608-9685,South African journal of psychiatry,AOSIS,15,2022-02-03
2078-6786,1608-9685,South African journal of psychiatry,AOSIS,15,2022-02-03
1015-5163,1015-5163,South African Journal of Sports Medicine,Academy of Science of South Africa,680,2017-10-27
2078-516X,1015-5163,South African Journal of Sports Medicine,Academy of Science of South Africa,680,2017-10-27
0038-2353,0038-2353,South African Journal of Science,Academy of Science of South Africa,4542,2016-06-24
1996-7489,0038-2353,South African Journal of Science,Academy of Science of South Africa,4542,2016-06-24
0038-2361,0038-2361,South African Journal of Surgery,Academy of Science of South Africa,2237,2016-06-24
2078-5151,0038-2361,South African Journal of Surgery,Academy of Science of South Africa,2237,2016-06-24
2078-5135,0256-9574,South African Medical Journal,South African Medical Association NPC,30424,2016-06-24
0256-95749,0256-9574,South African Medical Journal,South African Medical Association NPC,30424,2016-06-24
0258-509X,0258-509X,South African journal of musicology,African Journals Online,48,2022-02-03
2309-4605,NA,NA,NA,NA,NA
2309-4613,NA,NA,NA,NA,NA
1819-3692,1819-3692,"Southern Africa journal of education, science and technology",African Journals Online,33,2022-02-03
1561-896X,NA,NA,NA,NA,NA
1998-8125,1998-8125,Southern African Business Review,UNISA Press,431,2017-10-27
2220-1181,2220-1181,South African journal of anaesthesia and analgesia,Medpharm Publications,4,2022-02-03
2220-1173,2220-1181,South African journal of anaesthesia and analgesia,Medpharm Publications,4,2022-02-03
1562-8264,1562-8264,The Southern African journal of critical care,South African Medical Association NPC,243,2017-10-27
2078-676X,1562-8264,The Southern African journal of critical care,South African Medical Association NPC,243,2017-10-27
1810-0333,1810-0333,"Environmental education, ethics and action in Southern Africa",African Journals Online,0,2022-02-03
2411-5959,0256-7504,Southern African journal of environmental education,NA,2,2022-02-03
1608-9693,1608-9693,Southern African Journal of Hiv Medicine,AOSIS,931,2016-06-24
2078-6751,1608-9693,Southern African Journal of Hiv Medicine,AOSIS,931,2016-06-24
1607-3614,1607-3614,Southern African Linguistics and Applied Language Studies,Taylor & Francis,711,2016-06-24
1727-9461,1607-3614,Southern African Linguistics and Applied Language Studies,Taylor & Francis,711,2016-06-24
2070-2620,2070-2620,Southern forests,Taylor & Francis,5,2022-02-03
2070-2639,2070-2620,Southern forests,Taylor & Francis,5,2022-02-03
1027-3417,1027-3417,Stellenbosch papers in linguistics,Stellenbosch University - SPIL,179,2022-02-03
2223-9936,1027-3417,Stellenbosch papers in linguistics,Stellenbosch University - SPIL,179,2022-02-03
2224-3380,1726-541X,SPIL plus,Stellenbosch University - SPILPlus,431,2022-02-03
0855-9449,0855-9449,Studies in Gender and Development in Africa,African Journals Online,15,2022-02-03
0796-5419,0796-5419,Sud-sciences et technologies,NA,13,2022-02-03
1858-5051,1858-5051,Sudan journal of medical sciences,Knowledge E,654,2017-10-27
1815-3941,1815-3941,Sudanese journal of dermatology,African Journals Online,81,2022-02-03
1111-4924,2352-9717,Synthèse,NA,0,2022-02-03
2352-9717,2352-9717,Synthèse,NA,0,2022-02-03
0856-0625,0856-0625,Tanzania Dental Journal,African Journals Online,164,2017-10-27
0856-9622,0856-9622,Tanzania journal of development studies,African Journals Online,30,2022-02-03
2591-6831,0856-9622,Tanzania journal of development studies,African Journals Online,30,2022-02-03
2408-8129,NA,NA,NA,NA,NA
2408-8137,NA,NA,NA,NA,NA
1821-6404,1821-9241,Tanzania journal of health research,NA,639,2017-10-27
1821-9241,1821-9241,Tanzania journal of health research,NA,639,2017-10-27
0856-1761,0856-1761,Tanzania journal of science,African Journals Online,31,2022-02-03
2507-7961,0856-1761,Tanzania journal of science,African Journals Online,31,2022-02-03
0856-0714,0856-0714,Tanzania Medical Journal,African Journals Online,218,2017-10-27
0856-1451,0856-1451,Tanzania Veterinary Journal,African Journals Online,383,2017-10-27
2714-206X,2714-206X,Tanzania Veterinary Journal,NA,0,2022-02-03
1111-0902,1111-0902,Technologies avancées,African Journals Online,33,2022-02-03
0251-043X,0251-043X,Africa thought and practice,African Journals Online,58,2022-02-03
2076-7714,0251-043X,Africa thought and practice,African Journals Online,58,2022-02-03
1012-280X,1012-280X,Stads- en streekbeplanninq,AFRICAN SUN MeDIA,71,2022-02-03
2415-0495,1012-280X,Stads- en streekbeplanninq,AFRICAN SUN MeDIA,71,2022-02-03
0254-2765,0254-2765,Transactions of the Zimbabwe Scientific Association,African Journals Online,37,2022-02-03
0795-0101,0795-0101,Tropical Freshwater Biology,African Journals Online,226,2017-10-27
1117-4153,1117-4153,Tropical Journal of Health Sciences,African Journals Online,406,2017-10-27
1119-0388,1119-0388,Tropical Journal of Medical Research,Medknow Publications,0,2022-02-03
0189-5117,0189-5117,Tropical journal of obstetrics and gynaecology,Medknow Publications,835,2017-10-27
1596-5996,1596-9827,Tropical Journal of Pharmaceutical Research,African Journals Online,3160,2016-06-24
1596-9827,1596-9827,Tropical Journal of Pharmaceutical Research,African Journals Online,3160,2016-06-24
0794-4845,0794-4845,Tropical Veterinarian (Ibadan),African Journals Online,0,2022-02-03
0041-476X,0041-476X,Tydskrif Vir Letterkunde,Academy of Science of South Africa,1368,2016-06-24
2309-9070,0041-476X,Tydskrif Vir Letterkunde,Academy of Science of South Africa,1368,2016-06-24
0041-574X,0041-574X,Uganda Journal,African Journals Online,292,2017-10-27
1026-0919,1026-0919,Uganda Journal of Agricultural Sciences,African Journals Online,403,2017-10-27
2410-6909,1026-0919,Uganda Journal of Agricultural Sciences,African Journals Online,403,2017-10-27
1595-1413,1595-1413,UJAH: Unizik Journal of Arts and Humanities,African Journals Online,378,2017-10-27
1021-0873,1021-0873,UNISWA Journal of Agriculture,African Journals Online,155,2017-10-27
1029-9645,1029-9645,"UNISWA research journal of agriculture, science and technology",African Journals Online,135,2022-02-03
0856-1818,0856-1818,University of Dar es Salaam Library journal,African Journals Online,177,2017-10-27
1694-0342,1694-0342,University of Mauritius Research Journal,African Journals Online,271,2017-10-27
1606-7479,1606-7479,Vulture news,African Journals Online,118,2022-02-03
0378-4738,0378-4738,Water SA,Academy of Science of South Africa,2374,2016-06-24
0855-4307,0855-4307,West African Journal of Applied Ecology,African Journals Online,395,2017-10-27
1116-5405,NA,NA,NA,NA,NA
0189-160X,0189-160X,West African journal of medicine,African Journals Online,2172,2017-09-25
0303-691X,0303-691X,West African journal of pharmacology and drug research,African Journals Online,429,2017-10-27
1115-3474,1115-3474,West African Journal of Radiology,Medknow Publications,322,2017-10-27
0856-860X,0856-860X,Western Indian Ocean Journal of Marine Science,African Journals Online,9,2022-02-03
1687-8671,1687-8671,Zagazig Journal of Occupational Health and Safety,African Journals Online,13,2022-02-03
0379-0622,0379-0622,Zambezia,African Journals Online,402,2016-06-24
0514-6216,NA,NA,NA,NA,NA
1013-3445,1013-3445,Zimbabwe Journal of Educational Research,African Journals Online,554,2017-10-27
2079-8997,2079-8997,Zimbabwe journal of technology sciences,African Journals Online,6,2022-02-03
1016-1503,1016-1503,The Zimbabwe science news,African Journals Online,34,2022-02-03
1016-1511,1016-1511,Zimbabwe veterinary journal,African Journals Online,150,2017-10-27
1596-972X,1596-972X,The Zoologist,African Journals Online,101,2022-02-03
